Property_ID,Gas_Safety_Check,Fire_Safety_Check,Damp_Inspection_Status,Last_Inspection_Date,Energy_Compliance_Status
P0001,Due Soon,Complete,No Issues,2025-09-20,At Risk
P0002,Complete,Complete,No Issues,2021-12-02,At Risk
P0003,Complete,Due Soon,No Issues,2019-01-23,Compliant
P0004,Overdue,Due Soon,Follow-up Required,2024-02-22,Compliant
P0005,Complete,Complete,Inspection Required,2023-12-03,At Risk
P0006,Overdue,Complete,Follow-up Required,2019-10-04,Compliant
P0007,Overdue,Complete,Follow-up Required,2019-03-11,At Risk
P0008,Complete,Complete,Follow-up Required,2020-04-21,Non-Compliant
P0009,Overdue,Complete,No Issues,11/02/2025,At Risk
P0010,Complete,Complete,No Issues,2025-05-22,At Risk
P0011,Complete,Complete,Inspection Required,2023-02-03,At Risk
P0012,Due Soon,Overdue,Inspection Required,,Compliant
P0013,Overdue,Complete,Follow-up Required,2025-08-15,At Risk
P0014,Complete,Complete,No Issues,2019-08-03,Non-Compliant
P0015,Due Soon,Complete,No Issues,2019-08-20,Compliant
P0016,Complete,Due Soon,Inspection Required,2023-04-02,Compliant
P0017,Overdue,Complete,Follow-up Required,2022-05-19,Compliant
P0018,Complete,Due Soon,Follow-up Required,2023-08-09,Compliant
P0019,Complete,Due Soon,Inspection Required,03/01/2022,Non-Compliant
P0020,Complete,Complete,No Issues,2023-06-07,Compliant
P0021,Complete,Due Soon,No Issues,2019-03-23,Compliant
P0022,Complete,Complete,No Issues,2025-12-11,Non-Compliant
P0023,Due Soon,Complete,No Issues,2021-03-15,Compliant
P0024,Due Soon,Complete,Inspection Required,2025-12-05,At Risk
P0025,Due Soon,Overdue,No Issues,2024-02-17,Compliant
P0026,Complete,Complete,Follow-up Required,2025-02-24,At Risk
P0027,Complete,Complete,Inspection Required,2023-04-17,Compliant
P0028,Due Soon,Complete,No Issues,2022-01-04,Compliant
P0029,Overdue,Overdue,No Issues,01/10/2021,At Risk
P0030,Complete,Complete,Inspection Required,11/03/2023,Compliant
P0031,Complete,Complete,No Issues,2023-06-01,Compliant
P0032,Due Soon,Due Soon,No Issues,2023-12-20,At Risk
P0033,Complete,Complete,No Issues,15/08/2023,Compliant
P0034,Complete,Complete,No Issues,2022-06-20,Compliant
P0035,Complete,Complete,Inspection Required,2023-09-18,Compliant
P0036,Complete,Complete,No Issues,23/10/2025,Non-Compliant
P0037,Complete,Complete,No Issues,2025-07-18,At Risk
P0038,Complete,Complete,Follow-up Required,15/05/2022,Compliant
P0039,Complete,Overdue,No Issues,2023-02-02,Compliant
P0040,Complete,Complete,Inspection Required,12/09/2025,At Risk
P0041,Overdue,Complete,Inspection Required,2023-02-05,Compliant
P0042,Overdue,Complete,Inspection Required,2019-04-15,At Risk
P0043,Complete,Complete,No Issues,2019-02-28,Compliant
P0044,Due Soon,Complete,Inspection Required,,Compliant
P0045,Complete,Complete,Inspection Required,,Compliant
P0046,Due Soon,Due Soon,No Issues,2023-05-01,At Risk
P0047,Complete,Complete,No Issues,2019-11-22,At Risk
P0048,Overdue,Complete,No Issues,2019-02-14,Compliant
P0049,Complete,Due Soon,Inspection Required,2020-07-13,At Risk
P0050,Complete,Complete,Inspection Required,2020-01-22,Compliant
P0051,Complete,Complete,Follow-up Required,2025-06-09,At Risk
P0052,Complete,Due Soon,Inspection Required,2019-02-13,At Risk
P0053,Complete,Complete,No Issues,2020-03-25,Compliant
P0054,Complete,Complete,Follow-up Required,2019-01-05,Compliant
P0055,Complete,Complete,No Issues,2025-04-01,At Risk
P0056,Overdue,Complete,No Issues,2019-11-05,Compliant
P0057,Complete,Complete,Inspection Required,,Compliant
P0058,Overdue,Complete,Inspection Required,2019-09-25,At Risk
P0059,Complete,Due Soon,Inspection Required,2020-04-02,Compliant
P0060,Complete,Due Soon,No Issues,2023-09-28,Non-Compliant
P0061,Complete,Complete,Follow-up Required,2021-06-11,Compliant
P0062,Complete,Complete,No Issues,18/01/2020,Compliant
P0063,Due Soon,Complete,Inspection Required,2024-12-17,Non-Compliant
P0064,Complete,Complete,No Issues,2022-12-22,Compliant
P0065,Complete,Due Soon,Inspection Required,2024-10-06,Non-Compliant
P0066,Complete,Complete,Inspection Required,2019-06-25,Non-Compliant
P0067,Complete,Due Soon,No Issues,2019-08-11,Compliant
P0068,Complete,Complete,Inspection Required,2025-03-28,Compliant
P0069,Complete,Due Soon,Inspection Required,22/03/2020,At Risk
P0070,Overdue,Complete,No Issues,2024-02-14,Compliant
P0071,Complete,Complete,Follow-up Required,2023-06-14,At Risk
P0072,Overdue,Complete,Inspection Required,2023-01-19,Compliant
P0073,Complete,Complete,No Issues,2020-11-03,Compliant
P0074,Overdue,Complete,Inspection Required,2024-04-12,Compliant
P0075,Complete,Complete,No Issues,18/09/2019,Compliant
P0076,Complete,Overdue,Inspection Required,2022-05-21,At Risk
P0077,Complete,Complete,No Issues,2023-02-18,Non-Compliant
P0078,Complete,Complete,No Issues,17/12/2024,At Risk
P0079,Overdue,Complete,Follow-up Required,2025-04-25,Non-Compliant
P0080,Due Soon,Complete,Inspection Required,2021-08-26,Non-Compliant
P0081,Due Soon,Complete,No Issues,2020-03-26,Compliant
P0082,Complete,Complete,No Issues,2023-04-26,Compliant
P0083,Complete,Complete,No Issues,2021-02-07,Compliant
P0084,Complete,Complete,No Issues,2025-08-12,Compliant
P0085,Complete,Complete,Inspection Required,2021-05-02,Non-Compliant
P0086,Complete,Complete,No Issues,25/05/2025,At Risk
P0087,Complete,Complete,No Issues,2024-06-25,At Risk
P0088,Complete,Due Soon,Follow-up Required,05/10/2021,At Risk
P0089,Complete,Complete,Follow-up Required,2025-04-28,Compliant
P0090,Overdue,Complete,Inspection Required,2019-05-18,Non-Compliant
P0091,Due Soon,Complete,No Issues,2021-01-02,At Risk
P0092,Complete,Complete,No Issues,02/01/2022,At Risk
P0093,Overdue,Complete,No Issues,28/03/2020,Compliant
P0094,Complete,Complete,Follow-up Required,13/05/2021,At Risk
P0095,Complete,Complete,Follow-up Required,2022-08-22,At Risk
P0096,Complete,Complete,Follow-up Required,2024-04-11,Compliant
P0097,Complete,Complete,Inspection Required,2022-03-17,Compliant
P0098,Due Soon,Complete,No Issues,2020-08-25,Compliant
P0099,Complete,Complete,No Issues,2022-05-15,Compliant
P0100,Complete,Complete,Inspection Required,2021-02-15,Compliant
P0101,Complete,Complete,Inspection Required,2019-10-01,Compliant
P0102,Overdue,Complete,No Issues,2024-12-01,Compliant
P0103,Complete,Complete,Follow-up Required,2022-12-09,Compliant
P0104,Complete,Complete,No Issues,2019-07-17,Compliant
P0105,Complete,Complete,Inspection Required,2020-02-08,Non-Compliant
P0106,Complete,Overdue,No Issues,,Compliant
P0107,Due Soon,Overdue,No Issues,12/05/2020,Compliant
P0108,Complete,Complete,No Issues,12/08/2019,Compliant
P0109,Due Soon,Complete,No Issues,2023-11-24,Compliant
P0110,Complete,Due Soon,No Issues,2022-11-19,At Risk
P0111,Complete,Complete,Inspection Required,2022-11-10,At Risk
P0112,Complete,Due Soon,Inspection Required,19/07/2024,Compliant
P0113,Complete,Complete,Inspection Required,22/03/2019,Non-Compliant
P0114,Complete,Complete,Inspection Required,2021-10-26,Non-Compliant
P0115,Complete,Complete,Follow-up Required,2023-09-09,At Risk
P0116,Overdue,Complete,No Issues,2023-10-03,Non-Compliant
P0117,Overdue,Complete,No Issues,2025-03-18,Compliant
P0118,Complete,Complete,No Issues,2025-03-21,Compliant
P0119,Due Soon,Due Soon,Inspection Required,2021-05-19,At Risk
P0120,Complete,Complete,No Issues,2020-02-25,At Risk
P0121,Due Soon,Complete,Inspection Required,2022-04-02,Compliant
P0122,Complete,Complete,Inspection Required,2024-01-22,At Risk
P0123,Due Soon,Complete,Follow-up Required,21/01/2024,Compliant
P0124,Complete,Complete,Follow-up Required,20/03/2021,Non-Compliant
P0125,Complete,Complete,No Issues,2021-12-28,Compliant
P0126,Complete,Complete,No Issues,24/11/2025,Compliant
P0127,Complete,Complete,Follow-up Required,2019-09-26,Compliant
P0128,Complete,Complete,Follow-up Required,10/09/2025,Compliant
P0129,Complete,Due Soon,Follow-up Required,2024-05-16,At Risk
P0130,Complete,Complete,No Issues,2019-11-10,At Risk
P0131,Complete,Complete,No Issues,12/06/2021,Compliant
P0132,Complete,Due Soon,Inspection Required,2023-05-19,Non-Compliant
P0133,Complete,Complete,Follow-up Required,04/08/2022,Non-Compliant
P0134,Complete,Due Soon,No Issues,2022-12-17,Non-Compliant
P0135,Complete,Complete,Follow-up Required,2023-01-04,Compliant
P0136,Complete,Complete,No Issues,2023-07-22,Compliant
P0137,Complete,Complete,Inspection Required,2024-06-08,Compliant
P0138,Complete,Due Soon,Inspection Required,2024-05-26,Compliant
P0139,Complete,Complete,No Issues,2019-04-16,Non-Compliant
P0140,Complete,Complete,Follow-up Required,08/02/2023,Non-Compliant
P0141,Due Soon,Complete,No Issues,2022-09-02,Compliant
P0142,Due Soon,Complete,Follow-up Required,2023-10-05,At Risk
P0143,Complete,Due Soon,Follow-up Required,07/01/2025,Non-Compliant
P0144,Complete,Complete,No Issues,2023-11-02,At Risk
P0145,Complete,Complete,Inspection Required,2021-07-03,Compliant
P0146,Complete,Complete,Inspection Required,13/08/2023,At Risk
P0147,Complete,Complete,Inspection Required,2024-12-23,At Risk
P0148,Complete,Complete,No Issues,2025-01-20,Compliant
P0149,Complete,Due Soon,No Issues,17/05/2020,Compliant
P0150,Due Soon,Complete,Inspection Required,2020-04-15,Non-Compliant
P0151,Complete,Overdue,Inspection Required,2024-02-18,Compliant
P0152,Overdue,Complete,Inspection Required,2022-09-18,Compliant
P0153,Complete,Due Soon,Inspection Required,2019-12-02,Compliant
P0154,Due Soon,Complete,Inspection Required,2025-02-13,Compliant
P0155,Due Soon,Complete,No Issues,2025-04-20,At Risk
P0156,Complete,Complete,No Issues,2025-10-14,Compliant
P0157,Complete,Overdue,No Issues,2023-01-16,Compliant
P0158,Due Soon,Complete,No Issues,2019-10-16,Compliant
P0159,Complete,Complete,Inspection Required,2022-08-10,At Risk
P0160,Overdue,Complete,No Issues,2021-03-15,At Risk
P0161,Overdue,Complete,No Issues,2022-10-23,Compliant
P0162,Complete,Complete,No Issues,2025-09-14,Compliant
P0163,Complete,Due Soon,No Issues,,Non-Compliant
P0164,Complete,Due Soon,No Issues,2025-07-02,At Risk
P0165,Complete,Complete,Inspection Required,2020-12-17,At Risk
P0166,Complete,Complete,Inspection Required,22/04/2022,Compliant
P0167,Complete,Overdue,Follow-up Required,2024-11-07,At Risk
P0168,Complete,Complete,Inspection Required,2019-10-26,At Risk
P0169,Complete,Complete,Inspection Required,2019-12-10,Compliant
P0170,Complete,Complete,No Issues,2022-11-01,At Risk
P0171,Overdue,Complete,Follow-up Required,2020-02-23,Non-Compliant
P0172,Complete,Complete,Inspection Required,2025-12-05,Non-Compliant
P0173,Complete,Due Soon,Inspection Required,2024-12-12,Compliant
P0174,Due Soon,Complete,No Issues,2020-03-01,Non-Compliant
P0175,Complete,Complete,No Issues,2024-07-08,At Risk
P0176,Complete,Complete,No Issues,2019-11-05,Compliant
P0177,Complete,Complete,Follow-up Required,2021-08-01,Non-Compliant
P0178,Due Soon,Complete,Follow-up Required,2025-04-12,Compliant
P0179,Complete,Due Soon,Inspection Required,09/05/2020,Compliant
P0180,Complete,Due Soon,Inspection Required,2021-09-21,Compliant
P0181,Complete,Complete,No Issues,27/05/2022,Compliant
P0182,Due Soon,Complete,Inspection Required,2024-04-22,Non-Compliant
P0183,Due Soon,Complete,No Issues,2023-01-26,Non-Compliant
P0184,Complete,Complete,No Issues,2025-09-17,At Risk
P0185,Complete,Complete,No Issues,2020-10-03,Non-Compliant
P0186,Complete,Complete,No Issues,2020-09-08,At Risk
P0187,Complete,Complete,No Issues,2020-03-07,Non-Compliant
P0188,Overdue,Due Soon,Inspection Required,2024-06-10,Non-Compliant
P0189,Complete,Complete,Inspection Required,2023-02-21,Non-Compliant
P0190,Due Soon,Complete,Follow-up Required,03/07/2021,Compliant
P0191,Complete,Complete,Inspection Required,22/08/2020,Non-Compliant
P0192,Complete,Complete,Inspection Required,2022-03-08,Compliant
P0193,Complete,Complete,Follow-up Required,,Compliant
P0194,Complete,Due Soon,No Issues,2019-11-15,Compliant
P0195,Due Soon,Overdue,Inspection Required,2020-05-15,At Risk
P0196,Complete,Complete,Follow-up Required,2023-08-23,Compliant
P0197,Complete,Complete,Inspection Required,2025-04-08,Compliant
P0198,Complete,Complete,No Issues,27/07/2023,Compliant
P0199,Complete,Due Soon,Follow-up Required,,At Risk
P0200,Complete,Complete,No Issues,2021-12-07,Compliant
P0201,Complete,Due Soon,No Issues,2019-08-10,Non-Compliant
P0202,Complete,Complete,Follow-up Required,2024-08-21,Compliant
P0203,Complete,Complete,Inspection Required,,Compliant
P0204,Due Soon,Complete,Follow-up Required,2021-11-20,Compliant
P0205,Complete,Complete,No Issues,03/02/2023,At Risk
P0206,Complete,Complete,Follow-up Required,06/05/2023,At Risk
P0207,Due Soon,Complete,Inspection Required,,Compliant
P0208,Due Soon,Due Soon,Follow-up Required,2023-10-23,Compliant
P0209,Due Soon,Complete,No Issues,,Compliant
P0210,Complete,Due Soon,No Issues,11/07/2023,Compliant
P0211,Due Soon,Due Soon,No Issues,2025-12-27,Compliant
P0212,Due Soon,Due Soon,No Issues,2019-01-02,Non-Compliant
P0213,Due Soon,Complete,No Issues,2021-02-19,Compliant
P0214,Overdue,Complete,No Issues,2022-11-09,Compliant
P0215,Complete,Complete,Follow-up Required,2019-01-02,Compliant
P0216,Due Soon,Complete,No Issues,2019-07-14,Non-Compliant
P0217,Overdue,Due Soon,No Issues,2025-05-01,At Risk
P0218,Complete,Complete,No Issues,2022-01-05,Compliant
P0219,Due Soon,Complete,Follow-up Required,,At Risk
P0220,Complete,Complete,No Issues,2021-02-24,Compliant
P0221,Complete,Due Soon,No Issues,2021-05-26,Compliant
P0222,Complete,Complete,No Issues,2022-04-20,Compliant
P0223,Complete,Complete,Inspection Required,13/11/2024,At Risk
P0224,Complete,Due Soon,No Issues,2025-08-04,Compliant
P0225,Overdue,Complete,No Issues,2019-04-19,Compliant
P0226,Complete,Due Soon,No Issues,17/05/2021,Non-Compliant
P0227,Complete,Complete,Follow-up Required,2022-10-21,Compliant
P0228,Complete,Overdue,No Issues,2023-04-24,Compliant
P0229,Complete,Complete,No Issues,08/03/2023,At Risk
P0230,Complete,Due Soon,Follow-up Required,,Non-Compliant
P0231,Complete,Complete,No Issues,2022-12-05,At Risk
P0232,Complete,Complete,No Issues,2022-03-15,Compliant
P0233,Complete,Complete,Inspection Required,2021-08-23,Compliant
P0234,Complete,Complete,No Issues,2023-04-18,Non-Compliant
P0235,Overdue,Due Soon,No Issues,10/07/2025,Compliant
P0236,Complete,Complete,No Issues,24/03/2019,At Risk
P0237,Due Soon,Complete,No Issues,2024-05-28,Compliant
P0238,Due Soon,Due Soon,Follow-up Required,2023-09-13,Compliant
P0239,Complete,Complete,Follow-up Required,23/04/2022,Non-Compliant
P0240,Overdue,Complete,Follow-up Required,01/08/2022,Compliant
P0241,Due Soon,Complete,Follow-up Required,2020-04-19,At Risk
P0242,Complete,Complete,No Issues,2024-07-10,Compliant
P0243,Complete,Complete,Inspection Required,2020-02-26,Compliant
P0244,Complete,Complete,Follow-up Required,01/08/2025,Compliant
P0245,Overdue,Complete,Follow-up Required,2022-04-15,Non-Compliant
P0246,Due Soon,Complete,No Issues,2023-10-09,Non-Compliant
P0247,Complete,Complete,No Issues,2023-09-17,Compliant
P0248,Complete,Complete,No Issues,2022-06-09,Compliant
P0249,Complete,Complete,Follow-up Required,2019-02-13,Compliant
P0250,Due Soon,Complete,Follow-up Required,05/05/2020,Compliant
P0251,Complete,Complete,Inspection Required,2024-06-14,At Risk
P0252,Complete,Complete,Inspection Required,2024-06-10,Compliant
P0253,Complete,Due Soon,Inspection Required,2024-02-16,Compliant
P0254,Complete,Complete,Inspection Required,2020-05-08,Compliant
P0255,Complete,Complete,No Issues,11/12/2025,At Risk
P0256,Overdue,Complete,Inspection Required,2021-05-16,At Risk
P0257,Complete,Overdue,Inspection Required,2020-08-12,Compliant
P0258,Complete,Complete,Inspection Required,2020-05-15,Non-Compliant
P0259,Complete,Complete,No Issues,25/03/2023,Non-Compliant
P0260,Complete,Due Soon,No Issues,2023-10-26,Non-Compliant
P0261,Complete,Due Soon,No Issues,2020-09-20,Compliant
P0262,Complete,Complete,Follow-up Required,2021-09-08,Compliant
P0263,Complete,Complete,Inspection Required,2023-07-14,At Risk
P0264,Complete,Complete,Inspection Required,2021-03-06,Non-Compliant
P0265,Complete,Due Soon,No Issues,2020-09-23,Compliant
P0266,Complete,Complete,No Issues,2022-05-10,Compliant
P0267,Complete,Complete,Inspection Required,,Compliant
P0268,Complete,Complete,Inspection Required,2020-07-19,Compliant
P0269,Complete,Complete,Inspection Required,2024-02-22,Non-Compliant
P0270,Complete,Complete,Follow-up Required,2024-07-04,Compliant
P0271,Due Soon,Due Soon,No Issues,2019-12-01,Non-Compliant
P0272,Complete,Complete,No Issues,2021-03-02,Non-Compliant
P0273,Complete,Due Soon,Inspection Required,2022-02-07,Compliant
P0274,Due Soon,Complete,Follow-up Required,2023-02-09,Compliant
P0275,Due Soon,Complete,No Issues,09/08/2022,Compliant
P0276,Due Soon,Complete,Follow-up Required,26/05/2020,Compliant
P0277,Complete,Complete,Inspection Required,2023-12-17,Compliant
P0278,Complete,Complete,Inspection Required,2024-02-02,At Risk
P0279,Overdue,Complete,Inspection Required,22/03/2022,Compliant
P0280,Complete,Complete,No Issues,03/02/2024,At Risk
P0281,Due Soon,Complete,No Issues,2025-11-03,Compliant
P0282,Complete,Complete,Follow-up Required,14/12/2024,Compliant
P0283,Overdue,Complete,No Issues,2019-09-09,Compliant
P0284,Complete,Due Soon,No Issues,2019-12-25,At Risk
P0285,Complete,Complete,Follow-up Required,18/08/2022,Compliant
P0286,Complete,Complete,Follow-up Required,2023-10-26,At Risk
P0287,Complete,Complete,Follow-up Required,2019-11-13,Compliant
P0288,Complete,Complete,Follow-up Required,2020-09-24,Compliant
P0289,Complete,Overdue,No Issues,2022-05-13,At Risk
P0290,Due Soon,Complete,No Issues,2020-10-16,At Risk
P0291,Complete,Complete,No Issues,25/11/2022,Non-Compliant
P0292,Overdue,Complete,No Issues,2025-10-08,Compliant
P0293,Complete,Complete,No Issues,2022-02-16,Compliant
P0294,Complete,Complete,No Issues,2023-09-24,Non-Compliant
P0295,Complete,Complete,Follow-up Required,2021-08-23,Non-Compliant
P0296,Complete,Complete,Follow-up Required,2021-03-07,Compliant
P0297,Overdue,Overdue,Inspection Required,2022-07-14,Non-Compliant
P0298,Complete,Complete,No Issues,2021-04-13,Compliant
P0299,Complete,Complete,Follow-up Required,2025-05-11,Compliant
P0300,Complete,Complete,Follow-up Required,2025-05-08,Compliant
P0301,Complete,Complete,Follow-up Required,2025-02-12,Compliant
P0302,Complete,Complete,Follow-up Required,2025-02-12,Compliant
P0303,Complete,Complete,No Issues,2019-06-04,At Risk
P0304,Complete,Complete,Follow-up Required,09/12/2022,Compliant
P0305,Complete,Complete,Inspection Required,2021-12-01,Non-Compliant
P0306,Complete,Complete,No Issues,05/08/2024,At Risk
P0307,Complete,Complete,Follow-up Required,2024-10-05,Compliant
P0308,Complete,Complete,No Issues,2024-03-09,Compliant
P0309,Due Soon,Complete,Follow-up Required,21/11/2023,Compliant
P0310,Complete,Complete,Inspection Required,2024-05-02,Compliant
P0311,Complete,Due Soon,No Issues,21/12/2021,Compliant
P0312,Complete,Complete,No Issues,2023-08-12,At Risk
P0313,Due Soon,Complete,No Issues,,At Risk
P0314,Complete,Complete,No Issues,,Compliant
P0315,Overdue,Complete,Inspection Required,16/06/2020,Compliant
P0316,Overdue,Complete,Inspection Required,2025-11-25,Compliant
P0317,Complete,Complete,No Issues,15/06/2022,At Risk
P0318,Complete,Complete,No Issues,04/09/2025,Compliant
P0319,Due Soon,Due Soon,Inspection Required,07/08/2021,Compliant
P0320,Complete,Complete,Inspection Required,2024-06-09,Compliant
P0321,Complete,Overdue,Inspection Required,2025-03-20,At Risk
P0322,Complete,Complete,No Issues,,Non-Compliant
P0323,Overdue,Due Soon,No Issues,2019-09-03,Non-Compliant
P0324,Complete,Complete,Inspection Required,2022-09-19,Compliant
P0325,Complete,Complete,Inspection Required,01/04/2023,Compliant
P0326,Complete,Complete,No Issues,2019-02-07,Compliant
P0327,Complete,Complete,No Issues,18/10/2024,Compliant
P0328,Complete,Complete,Inspection Required,2021-08-02,At Risk
P0329,Complete,Complete,Inspection Required,2021-09-14,At Risk
P0330,Overdue,Complete,Follow-up Required,2022-07-21,At Risk
P0331,Complete,Complete,No Issues,17/01/2021,At Risk
P0332,Complete,Complete,Inspection Required,2020-09-11,At Risk
P0333,Due Soon,Complete,Follow-up Required,2022-10-12,At Risk
P0334,Complete,Complete,No Issues,2019-12-04,Compliant
P0335,Complete,Complete,No Issues,2019-05-26,Compliant
P0336,Complete,Complete,Follow-up Required,11/11/2021,Compliant
P0337,Complete,Complete,No Issues,28/05/2024,Compliant
P0338,Complete,Complete,Follow-up Required,2019-02-02,At Risk
P0339,Due Soon,Complete,No Issues,2019-06-25,Compliant
P0340,Complete,Complete,No Issues,2024-10-06,Compliant
P0341,Complete,Complete,Follow-up Required,2023-02-09,Non-Compliant
P0342,Complete,Complete,No Issues,2021-10-14,Compliant
P0343,Complete,Complete,No Issues,2025-04-28,At Risk
P0344,Overdue,Complete,Follow-up Required,2022-10-08,Compliant
P0345,Due Soon,Complete,No Issues,2023-12-04,Compliant
P0346,Complete,Complete,Follow-up Required,2020-06-01,Non-Compliant
P0347,Due Soon,Complete,No Issues,2019-06-11,At Risk
P0348,Complete,Complete,No Issues,2020-04-06,Non-Compliant
P0349,Complete,Complete,No Issues,2019-08-17,At Risk
P0350,Complete,Complete,Follow-up Required,2021-07-01,At Risk
P0351,Complete,Complete,Inspection Required,2023-08-28,At Risk
P0352,Complete,Complete,No Issues,2022-05-20,At Risk
P0353,Complete,Complete,Follow-up Required,2019-10-18,Compliant
P0354,Complete,Complete,Inspection Required,2022-03-13,Compliant
P0355,Due Soon,Complete,Inspection Required,2022-04-09,At Risk
P0356,Complete,Complete,No Issues,,Compliant
P0357,Complete,Complete,No Issues,2024-05-09,Compliant
P0358,Overdue,Due Soon,Inspection Required,2025-08-06,At Risk
P0359,Complete,Complete,No Issues,2021-08-06,At Risk
P0360,Complete,Complete,No Issues,2023-11-27,Compliant
P0361,Overdue,Complete,Inspection Required,08/03/2021,Non-Compliant
P0362,Due Soon,Due Soon,No Issues,2021-01-27,Compliant
P0363,Complete,Complete,No Issues,2019-06-24,Compliant
P0364,Complete,Due Soon,No Issues,2019-07-13,Non-Compliant
P0365,Complete,Complete,No Issues,05/10/2023,Compliant
P0366,Complete,Complete,No Issues,02/08/2022,At Risk
P0367,Complete,Complete,No Issues,2023-04-21,Compliant
P0368,Due Soon,Complete,No Issues,28/12/2023,At Risk
P0369,Complete,Complete,Inspection Required,2022-12-12,Compliant
P0370,Complete,Complete,Inspection Required,2024-09-28,Compliant
P0371,Complete,Due Soon,No Issues,2023-09-02,Compliant
P0372,Complete,Due Soon,No Issues,25/08/2023,Compliant
P0373,Complete,Complete,Inspection Required,2021-07-09,Compliant
P0374,Complete,Due Soon,No Issues,2024-01-05,Non-Compliant
P0375,Complete,Complete,No Issues,2025-10-22,At Risk
P0376,Complete,Complete,Inspection Required,2019-12-19,Compliant
P0377,Complete,Complete,Inspection Required,2020-04-09,Compliant
P0378,Complete,Complete,No Issues,2022-12-09,Compliant
P0379,Complete,Complete,Inspection Required,2023-01-08,At Risk
P0380,Overdue,Complete,No Issues,2024-08-02,Compliant
P0381,Complete,Due Soon,Follow-up Required,2022-08-04,Compliant
P0382,Overdue,Complete,Inspection Required,2021-05-24,Compliant
P0383,Complete,Complete,Inspection Required,2025-07-20,Compliant
P0384,Due Soon,Due Soon,Follow-up Required,2024-06-02,Compliant
P0385,Complete,Due Soon,Inspection Required,2019-09-08,Compliant
P0386,Overdue,Complete,Follow-up Required,,Compliant
P0387,Complete,Overdue,Inspection Required,2022-01-17,Compliant
P0388,Due Soon,Complete,No Issues,2019-06-09,Compliant
P0389,Complete,Complete,Follow-up Required,2020-01-07,Non-Compliant
P0390,Due Soon,Due Soon,No Issues,2020-06-13,Compliant
P0391,Overdue,Complete,Inspection Required,2020-04-26,Compliant
P0392,Complete,Complete,No Issues,2020-11-03,Compliant
P0393,Complete,Complete,No Issues,2022-04-25,Non-Compliant
P0394,Complete,Complete,Inspection Required,2024-05-16,Compliant
P0395,Complete,Complete,Inspection Required,11/12/2020,Compliant
P0396,Complete,Complete,Inspection Required,2021-05-27,Compliant
P0397,Complete,Due Soon,Follow-up Required,2021-01-17,Compliant
P0398,Complete,Complete,No Issues,2021-01-06,Compliant
P0399,Complete,Complete,Inspection Required,,Compliant
P0400,Complete,Complete,Follow-up Required,2019-08-26,At Risk
P0401,Complete,Due Soon,No Issues,2025-02-22,At Risk
P0402,Complete,Complete,No Issues,2019-07-24,At Risk
P0403,Complete,Complete,Inspection Required,2024-09-05,Compliant
P0404,Due Soon,Complete,No Issues,2025-08-11,At Risk
P0405,Overdue,Complete,No Issues,2025-08-01,Compliant
P0406,Complete,Overdue,No Issues,2021-06-13,Compliant
P0407,Due Soon,Complete,No Issues,2022-08-07,Compliant
P0408,Complete,Due Soon,No Issues,02/10/2023,Compliant
P0409,Complete,Overdue,Follow-up Required,2022-08-11,Compliant
P0410,Complete,Complete,Inspection Required,2022-10-15,Compliant
P0411,Complete,Complete,No Issues,07/01/2021,At Risk
P0412,Overdue,Complete,Inspection Required,2021-02-14,Compliant
P0413,Complete,Complete,Inspection Required,2025-12-07,Compliant
P0414,Complete,Due Soon,No Issues,2022-11-11,Compliant
P0415,Due Soon,Due Soon,Inspection Required,2023-11-02,Compliant
P0416,Due Soon,Overdue,No Issues,,Compliant
P0417,Due Soon,Complete,Inspection Required,2023-05-25,Compliant
P0418,Overdue,Overdue,Inspection Required,23/04/2022,At Risk
P0419,Overdue,Complete,No Issues,2025-04-07,Compliant
P0420,Overdue,Complete,No Issues,2021-01-09,Compliant
P0421,Complete,Complete,Follow-up Required,05/11/2019,Non-Compliant
P0422,Complete,Complete,Follow-up Required,2019-01-01,At Risk
P0423,Complete,Due Soon,No Issues,2020-12-28,At Risk
P0424,Complete,Complete,No Issues,2021-10-17,At Risk
P0425,Overdue,Complete,Inspection Required,2022-08-18,At Risk
P0426,Complete,Complete,Inspection Required,2022-12-27,At Risk
P0427,Complete,Complete,No Issues,05/02/2025,Compliant
P0428,Complete,Complete,No Issues,2021-05-22,Compliant
P0429,Complete,Complete,No Issues,2025-11-26,Compliant
P0430,Complete,Complete,Follow-up Required,15/03/2025,Compliant
P0431,Due Soon,Complete,No Issues,2019-07-27,Compliant
P0432,Complete,Overdue,No Issues,2024-03-23,Compliant
P0433,Complete,Complete,Inspection Required,2019-02-24,Compliant
P0434,Due Soon,Due Soon,No Issues,2020-03-17,Non-Compliant
P0435,Complete,Overdue,No Issues,2022-07-25,Compliant
P0436,Complete,Complete,Inspection Required,24/05/2021,At Risk
P0437,Complete,Due Soon,Follow-up Required,2025-12-07,Compliant
P0438,Complete,Complete,No Issues,22/04/2024,Compliant
P0439,Complete,Complete,Follow-up Required,2025-12-09,At Risk
P0440,Complete,Complete,No Issues,2024-01-01,Compliant
P0441,Complete,Complete,No Issues,2024-11-11,Non-Compliant
P0442,Complete,Complete,No Issues,2021-03-02,Compliant
P0443,Complete,Complete,No Issues,2020-01-21,Compliant
P0444,Overdue,Complete,No Issues,2025-04-03,At Risk
P0445,Complete,Complete,Inspection Required,2024-03-17,At Risk
P0446,Complete,Complete,Inspection Required,2024-04-19,Non-Compliant
P0447,Due Soon,Complete,Inspection Required,2019-08-14,Compliant
P0448,Due Soon,Due Soon,No Issues,2024-12-01,Compliant
P0449,Due Soon,Due Soon,No Issues,2022-11-06,At Risk
P0450,Complete,Complete,No Issues,2020-12-02,Compliant
P0451,Complete,Due Soon,No Issues,2020-05-24,Non-Compliant
P0452,Complete,Due Soon,No Issues,2025-06-13,Compliant
P0453,Complete,Complete,No Issues,01/11/2022,At Risk
P0454,Due Soon,Complete,No Issues,2022-07-10,Non-Compliant
P0455,Complete,Complete,No Issues,05/01/2019,Compliant
P0456,Complete,Complete,Inspection Required,2019-07-11,Compliant
P0457,Due Soon,Complete,Inspection Required,04/10/2024,Compliant
P0458,Overdue,Complete,No Issues,2025-12-22,Compliant
P0459,Complete,Complete,Follow-up Required,2023-08-23,Compliant
P0460,Complete,Complete,Inspection Required,01/09/2021,Compliant
P0461,Complete,Overdue,Inspection Required,2021-04-17,Compliant
P0462,Overdue,Complete,No Issues,2021-03-10,At Risk
P0463,Complete,Complete,No Issues,2022-02-20,Compliant
P0464,Complete,Complete,Inspection Required,27/02/2021,Non-Compliant
P0465,Overdue,Complete,No Issues,2022-07-05,Compliant
P0466,Complete,Complete,Follow-up Required,2023-10-08,Compliant
P0467,Complete,Complete,Follow-up Required,2023-06-24,Compliant
P0468,Complete,Due Soon,Inspection Required,2025-12-25,Compliant
P0469,Complete,Overdue,No Issues,2021-04-27,Compliant
P0470,Complete,Overdue,Inspection Required,2025-10-04,Non-Compliant
P0471,Complete,Overdue,No Issues,2020-06-05,Compliant
P0472,Complete,Complete,Inspection Required,2021-09-01,Compliant
P0473,Complete,Complete,No Issues,2025-12-14,At Risk
P0474,Complete,Complete,Inspection Required,2021-06-19,Non-Compliant
P0475,Complete,Due Soon,No Issues,26/05/2021,Compliant
P0476,Complete,Complete,Follow-up Required,2023-06-17,Compliant
P0477,Complete,Complete,No Issues,2019-08-11,Compliant
P0478,Overdue,Complete,No Issues,26/03/2021,Compliant
P0479,Complete,Complete,Inspection Required,2019-10-01,At Risk
P0480,Complete,Complete,No Issues,2020-01-02,Compliant
P0481,Complete,Due Soon,No Issues,2021-06-10,Compliant
P0482,Complete,Complete,Inspection Required,2024-10-17,Compliant
P0483,Due Soon,Due Soon,No Issues,2024-02-10,At Risk
P0484,Complete,Complete,Inspection Required,22/01/2025,Compliant
P0485,Complete,Complete,Inspection Required,13/08/2022,At Risk
P0486,Complete,Complete,Inspection Required,2024-10-27,Compliant
P0487,Complete,Complete,Follow-up Required,2021-02-19,Compliant
P0488,Complete,Complete,Inspection Required,2020-07-11,Compliant
P0489,Complete,Complete,Follow-up Required,2021-01-16,Non-Compliant
P0490,Complete,Complete,Inspection Required,2022-03-12,At Risk
P0491,Overdue,Complete,No Issues,2019-10-15,Non-Compliant
P0492,Due Soon,Complete,Follow-up Required,2019-01-08,At Risk
P0493,Complete,Complete,No Issues,17/02/2023,Compliant
P0494,Overdue,Complete,No Issues,2019-01-08,Compliant
P0495,Overdue,Complete,No Issues,2025-09-10,Compliant
P0496,Complete,Due Soon,Inspection Required,2025-12-13,Compliant
P0497,Complete,Overdue,No Issues,2019-07-23,Compliant
P0498,Complete,Due Soon,No Issues,2019-01-19,Compliant
P0499,Complete,Due Soon,Inspection Required,2021-12-21,At Risk
P0500,Complete,Due Soon,No Issues,2023-01-21,Compliant
P0501,Complete,Complete,Inspection Required,22/09/2022,Non-Compliant
P0502,Complete,Complete,No Issues,2019-03-05,Compliant
P0503,Complete,Complete,No Issues,2024-10-26,Compliant
P0504,Complete,Complete,No Issues,2021-03-04,At Risk
P0505,Complete,Complete,Inspection Required,2025-04-05,Non-Compliant
P0506,Complete,Complete,No Issues,,Compliant
P0507,Complete,Overdue,No Issues,2020-06-15,Compliant
P0508,Complete,Due Soon,Follow-up Required,2020-11-14,At Risk
P0509,Due Soon,Complete,Inspection Required,2023-03-13,Compliant
P0510,Complete,Complete,No Issues,2023-02-08,Non-Compliant
P0511,Complete,Complete,Inspection Required,2019-10-17,At Risk
P0512,Due Soon,Complete,No Issues,01/10/2023,At Risk
P0513,Complete,Overdue,Inspection Required,15/08/2020,At Risk
P0514,Overdue,Complete,No Issues,2019-07-19,Compliant
P0515,Complete,Complete,No Issues,2023-03-18,Compliant
P0516,Complete,Due Soon,Inspection Required,2019-01-17,Compliant
P0517,Complete,Complete,Follow-up Required,2022-04-02,At Risk
P0518,Complete,Complete,Follow-up Required,2022-09-12,Compliant
P0519,Due Soon,Complete,Inspection Required,2020-05-09,At Risk
P0520,Complete,Overdue,Follow-up Required,2023-05-15,Compliant
P0521,Complete,Complete,No Issues,2021-04-16,Non-Compliant
P0522,Complete,Due Soon,Follow-up Required,2024-08-18,At Risk
P0523,Complete,Complete,No Issues,2019-10-18,Compliant
P0524,Complete,Complete,Follow-up Required,2025-08-16,Non-Compliant
P0525,Complete,Due Soon,Inspection Required,24/08/2025,Compliant
P0526,Complete,Due Soon,Follow-up Required,08/02/2020,Compliant
P0527,Due Soon,Complete,No Issues,24/10/2023,Compliant
P0528,Complete,Complete,No Issues,01/09/2021,Compliant
P0529,Complete,Complete,No Issues,,Compliant
P0530,Complete,Complete,Follow-up Required,2022-10-21,Compliant
P0531,Due Soon,Complete,Follow-up Required,2019-01-17,Compliant
P0532,Complete,Complete,Follow-up Required,2023-08-16,Non-Compliant
P0533,Due Soon,Overdue,No Issues,2022-10-01,Compliant
P0534,Due Soon,Complete,No Issues,28/04/2024,Compliant
P0535,Complete,Due Soon,No Issues,2025-09-14,At Risk
P0536,Due Soon,Due Soon,Inspection Required,2021-10-23,Non-Compliant
P0537,Complete,Complete,No Issues,2025-05-28,Compliant
P0538,Complete,Complete,No Issues,2019-04-12,At Risk
P0539,Overdue,Complete,No Issues,2020-06-25,Compliant
P0540,Overdue,Due Soon,No Issues,2021-08-27,At Risk
P0541,Overdue,Complete,Follow-up Required,2020-04-12,At Risk
P0542,Complete,Overdue,No Issues,2019-06-20,At Risk
P0543,Complete,Due Soon,Inspection Required,2024-02-11,Compliant
P0544,Complete,Complete,No Issues,2023-02-07,Compliant
P0545,Complete,Complete,Inspection Required,2025-12-07,Compliant
P0546,Due Soon,Complete,No Issues,2023-12-20,Compliant
P0547,Overdue,Due Soon,Inspection Required,2024-01-08,Non-Compliant
P0548,Overdue,Complete,Inspection Required,2020-09-14,Compliant
P0549,Complete,Complete,Inspection Required,2023-01-16,At Risk
P0550,Complete,Due Soon,No Issues,2019-07-26,Compliant
P0551,Complete,Due Soon,Inspection Required,2019-04-11,Non-Compliant
P0552,Overdue,Overdue,Follow-up Required,2019-04-03,At Risk
P0553,Overdue,Overdue,No Issues,2025-11-07,Non-Compliant
P0554,Overdue,Overdue,Inspection Required,2023-05-01,Non-Compliant
P0555,Complete,Overdue,No Issues,2024-02-08,Non-Compliant
P0556,Complete,Complete,Follow-up Required,2021-04-07,At Risk
P0557,Complete,Complete,Inspection Required,2021-06-15,At Risk
P0558,Complete,Overdue,Follow-up Required,14/05/2021,Compliant
P0559,Complete,Complete,Inspection Required,2020-05-05,At Risk
P0560,Complete,Complete,No Issues,2022-06-22,At Risk
P0561,Complete,Complete,Follow-up Required,2019-04-20,Non-Compliant
P0562,Overdue,Complete,Inspection Required,2021-03-28,Compliant
P0563,Complete,Complete,No Issues,2025-09-28,Compliant
P0564,Complete,Complete,Inspection Required,2020-04-07,Non-Compliant
P0565,Complete,Overdue,Inspection Required,2023-07-06,Compliant
P0566,Complete,Complete,Inspection Required,,Compliant
P0567,Complete,Complete,No Issues,2025-02-02,Compliant
P0568,Complete,Complete,No Issues,2021-06-12,Non-Compliant
P0569,Complete,Due Soon,No Issues,2020-02-09,Compliant
P0570,Complete,Complete,No Issues,18/03/2025,Compliant
P0571,Due Soon,Due Soon,Inspection Required,2022-11-22,Compliant
P0572,Overdue,Complete,No Issues,23/02/2019,Non-Compliant
P0573,Due Soon,Complete,Follow-up Required,2025-10-09,Compliant
P0574,Complete,Complete,Inspection Required,2024-05-02,At Risk
P0575,Complete,Complete,No Issues,2022-02-09,At Risk
P0576,Complete,Complete,No Issues,2021-03-11,At Risk
P0577,Overdue,Complete,No Issues,2023-05-13,Non-Compliant
P0578,Complete,Due Soon,Follow-up Required,12/12/2019,At Risk
P0579,Due Soon,Overdue,No Issues,2021-02-09,Compliant
P0580,Complete,Due Soon,Inspection Required,2021-02-28,At Risk
P0581,Complete,Complete,Follow-up Required,2024-01-15,Compliant
P0582,Overdue,Complete,Inspection Required,2024-04-02,Compliant
P0583,Complete,Due Soon,Follow-up Required,17/11/2021,Compliant
P0584,Complete,Complete,No Issues,2022-08-11,Compliant
P0585,Complete,Complete,Follow-up Required,2023-01-24,Compliant
P0586,Complete,Due Soon,No Issues,2022-07-16,Compliant
P0587,Complete,Complete,Follow-up Required,25/12/2019,Compliant
P0588,Complete,Complete,No Issues,16/02/2022,Compliant
P0589,Complete,Complete,No Issues,2022-05-09,At Risk
P0590,Due Soon,Complete,Inspection Required,2021-04-07,At Risk
P0591,Complete,Due Soon,Inspection Required,06/08/2022,At Risk
P0592,Complete,Complete,Inspection Required,2021-11-04,At Risk
P0593,Complete,Complete,Follow-up Required,2025-07-16,Compliant
P0594,Complete,Complete,Follow-up Required,2022-11-08,Compliant
P0595,Complete,Complete,Inspection Required,2021-03-02,Non-Compliant
P0596,Due Soon,Due Soon,Follow-up Required,2019-07-21,Compliant
P0597,Due Soon,Complete,Follow-up Required,20/10/2021,Compliant
P0598,Complete,Complete,No Issues,2024-06-08,At Risk
P0599,Due Soon,Complete,No Issues,2019-05-09,At Risk
P0600,Complete,Complete,No Issues,2025-05-01,At Risk
P0601,Due Soon,Complete,No Issues,2022-06-13,Compliant
P0602,Complete,Due Soon,Inspection Required,,Compliant
P0603,Complete,Complete,No Issues,2020-07-18,Compliant
P0604,Complete,Complete,Follow-up Required,04/09/2019,Compliant
P0605,Complete,Complete,Inspection Required,2019-03-11,Compliant
P0606,Complete,Due Soon,No Issues,2022-12-03,Compliant
P0607,Complete,Complete,No Issues,2023-08-24,Compliant
P0608,Complete,Complete,No Issues,2022-04-19,Compliant
P0609,Complete,Due Soon,Inspection Required,2021-09-22,Non-Compliant
P0610,Overdue,Complete,Inspection Required,26/06/2024,Compliant
P0611,Complete,Complete,No Issues,2019-08-05,Compliant
P0612,Complete,Due Soon,Follow-up Required,2025-03-24,Compliant
P0613,Complete,Complete,No Issues,2024-04-25,Compliant
P0614,Complete,Complete,No Issues,2023-04-11,Non-Compliant
P0615,Complete,Due Soon,Inspection Required,2023-06-02,Compliant
P0616,Complete,Complete,No Issues,2020-01-17,At Risk
P0617,Complete,Complete,Follow-up Required,2019-09-04,Compliant
P0618,Complete,Complete,Follow-up Required,2024-09-04,Compliant
P0619,Complete,Complete,No Issues,2022-01-04,At Risk
P0620,Overdue,Complete,No Issues,02/06/2024,At Risk
P0621,Complete,Due Soon,No Issues,2022-07-12,Compliant
P0622,Due Soon,Complete,Inspection Required,2025-04-20,Non-Compliant
P0623,Complete,Due Soon,No Issues,,Compliant
P0624,Complete,Overdue,Inspection Required,2024-09-19,Compliant
P0625,Complete,Complete,No Issues,2025-02-02,Non-Compliant
P0626,Complete,Complete,Inspection Required,17/05/2020,At Risk
P0627,Complete,Complete,Inspection Required,2025-04-23,At Risk
P0628,Overdue,Due Soon,Inspection Required,2023-06-20,Compliant
P0629,Complete,Complete,No Issues,2021-11-06,Compliant
P0630,Complete,Complete,Follow-up Required,26/07/2022,Compliant
P0631,Complete,Complete,Inspection Required,2023-04-18,At Risk
P0632,Complete,Complete,Follow-up Required,16/05/2025,Compliant
P0633,Complete,Complete,No Issues,2025-09-17,Compliant
P0634,Complete,Complete,No Issues,28/10/2019,Compliant
P0635,Complete,Complete,Follow-up Required,2020-05-14,Compliant
P0636,Due Soon,Complete,No Issues,2025-02-17,Compliant
P0637,Complete,Complete,Follow-up Required,2021-02-03,Non-Compliant
P0638,Overdue,Complete,No Issues,2020-01-10,Compliant
P0639,Complete,Complete,Follow-up Required,2024-05-11,Compliant
P0640,Complete,Complete,No Issues,2022-09-12,At Risk
P0641,Complete,Complete,Inspection Required,2022-03-16,Compliant
P0642,Due Soon,Complete,Follow-up Required,2025-08-14,Non-Compliant
P0643,Complete,Complete,Follow-up Required,2022-03-26,At Risk
P0644,Complete,Complete,Follow-up Required,2019-06-25,At Risk
P0645,Overdue,Complete,No Issues,2019-07-16,Compliant
P0646,Complete,Complete,No Issues,25/01/2021,Compliant
P0647,Complete,Complete,Inspection Required,17/07/2025,Compliant
P0648,Complete,Complete,Inspection Required,2019-05-16,Compliant
P0649,Due Soon,Complete,Follow-up Required,2024-03-22,Compliant
P0650,Complete,Due Soon,Inspection Required,09/03/2023,Non-Compliant
P0651,Overdue,Complete,No Issues,2025-12-07,Non-Compliant
P0652,Complete,Complete,Follow-up Required,22/05/2020,Non-Compliant
P0653,Complete,Due Soon,Inspection Required,2020-03-10,Compliant
P0654,Overdue,Complete,No Issues,2020-05-02,Compliant
P0655,Complete,Complete,No Issues,2023-05-13,Compliant
P0656,Due Soon,Complete,No Issues,21/08/2020,Non-Compliant
P0657,Complete,Complete,No Issues,2025-04-05,Compliant
P0658,Complete,Complete,Follow-up Required,07/02/2024,Compliant
P0659,Overdue,Complete,Follow-up Required,2021-01-17,Compliant
P0660,Due Soon,Complete,Inspection Required,2024-10-09,At Risk
P0661,Complete,Due Soon,No Issues,2025-03-13,Non-Compliant
P0662,Due Soon,Complete,No Issues,02/12/2021,At Risk
P0663,Complete,Complete,No Issues,2022-12-02,Compliant
P0664,Complete,Complete,No Issues,2019-09-22,Non-Compliant
P0665,Complete,Complete,No Issues,2021-11-12,At Risk
P0666,Complete,Complete,Inspection Required,2023-02-22,Compliant
P0667,Complete,Due Soon,Inspection Required,2022-05-14,Compliant
P0668,Overdue,Complete,No Issues,2019-12-11,At Risk
P0669,Due Soon,Complete,No Issues,10/02/2019,Compliant
P0670,Complete,Complete,No Issues,17/04/2024,At Risk
P0671,Complete,Overdue,No Issues,2024-05-16,Compliant
P0672,Complete,Complete,Inspection Required,2025-07-20,At Risk
P0673,Complete,Complete,No Issues,2024-01-20,Compliant
P0674,Due Soon,Complete,Inspection Required,24/07/2023,Compliant
P0675,Complete,Complete,No Issues,2024-12-08,At Risk
P0676,Due Soon,Complete,Inspection Required,2024-08-24,At Risk
P0677,Complete,Complete,No Issues,2020-07-22,Compliant
P0678,Complete,Complete,No Issues,03/07/2022,Compliant
P0679,Complete,Complete,No Issues,2019-10-18,Compliant
P0680,Complete,Complete,No Issues,10/11/2025,Compliant
P0681,Complete,Due Soon,No Issues,2019-09-20,Compliant
P0682,Complete,Complete,No Issues,15/08/2023,At Risk
P0683,Due Soon,Complete,No Issues,26/01/2024,Compliant
P0684,Due Soon,Complete,Follow-up Required,24/06/2020,Compliant
P0685,Complete,Complete,No Issues,2024-07-03,Compliant
P0686,Complete,Complete,Inspection Required,2024-03-04,Compliant
P0687,Complete,Due Soon,Follow-up Required,2019-02-05,At Risk
P0688,Complete,Overdue,Follow-up Required,14/07/2022,Compliant
P0689,Complete,Complete,No Issues,2024-12-22,At Risk
P0690,Complete,Complete,No Issues,17/12/2021,Compliant
P0691,Complete,Complete,No Issues,2021-04-08,Compliant
P0692,Overdue,Complete,Follow-up Required,2019-09-04,Compliant
P0693,Complete,Complete,No Issues,2020-02-10,Compliant
P0694,Due Soon,Complete,Inspection Required,11/01/2021,Non-Compliant
P0695,Complete,Complete,Follow-up Required,2019-04-12,Non-Compliant
P0696,Due Soon,Complete,Inspection Required,2024-04-17,At Risk
P0697,Complete,Overdue,Inspection Required,2019-01-28,Non-Compliant
P0698,Complete,Complete,No Issues,2025-10-22,At Risk
P0699,Complete,Complete,Follow-up Required,2020-11-02,At Risk
P0700,Due Soon,Overdue,Inspection Required,2022-08-02,Compliant
P0701,Complete,Complete,No Issues,2021-10-25,At Risk
P0702,Due Soon,Complete,No Issues,23/01/2020,Non-Compliant
P0703,Complete,Due Soon,Inspection Required,2024-05-12,Compliant
P0704,Complete,Due Soon,Follow-up Required,2023-07-13,At Risk
P0705,Complete,Complete,No Issues,2019-04-15,Non-Compliant
P0706,Overdue,Complete,No Issues,2024-11-17,Non-Compliant
P0707,Complete,Complete,No Issues,2025-10-23,Non-Compliant
P0708,Complete,Complete,No Issues,11/08/2022,Compliant
P0709,Due Soon,Due Soon,Inspection Required,20/04/2023,At Risk
P0710,Complete,Overdue,Inspection Required,2019-06-07,Non-Compliant
P0711,Overdue,Due Soon,Inspection Required,,Compliant
P0712,Complete,Complete,No Issues,2025-08-10,Compliant
P0713,Due Soon,Complete,Inspection Required,2019-11-10,Non-Compliant
P0714,Complete,Complete,Inspection Required,,At Risk
P0715,Complete,Complete,Inspection Required,2021-10-15,Non-Compliant
P0716,Complete,Complete,No Issues,2021-07-08,Compliant
P0717,Complete,Due Soon,Inspection Required,07/04/2022,Non-Compliant
P0718,Due Soon,Complete,Follow-up Required,24/09/2022,Compliant
P0719,Overdue,Overdue,Inspection Required,2025-09-16,At Risk
P0720,Due Soon,Complete,Inspection Required,2024-09-02,Non-Compliant
P0721,Complete,Overdue,No Issues,2022-01-07,Non-Compliant
P0722,Complete,Complete,Follow-up Required,2022-04-28,Compliant
P0723,Complete,Complete,Inspection Required,2021-04-23,At Risk
P0724,Complete,Complete,No Issues,08/05/2019,At Risk
P0725,Complete,Complete,No Issues,2020-09-12,Compliant
P0726,Complete,Overdue,Inspection Required,2020-01-17,Compliant
P0727,Complete,Due Soon,No Issues,2019-02-06,Compliant
P0728,Due Soon,Complete,No Issues,2023-12-20,At Risk
P0729,Complete,Complete,No Issues,2021-08-13,Compliant
P0730,Complete,Complete,Inspection Required,2023-07-11,At Risk
P0731,Complete,Complete,Follow-up Required,2019-11-01,Compliant
P0732,Complete,Complete,No Issues,2022-07-28,At Risk
P0733,Due Soon,Due Soon,Follow-up Required,09/01/2025,Compliant
P0734,Due Soon,Complete,Inspection Required,2022-07-16,Non-Compliant
P0735,Complete,Complete,Inspection Required,2020-06-18,At Risk
P0736,Overdue,Complete,Inspection Required,2024-09-03,At Risk
P0737,Due Soon,Complete,Inspection Required,2022-04-27,Compliant
P0738,Complete,Complete,Follow-up Required,2024-05-09,Compliant
P0739,Due Soon,Due Soon,Follow-up Required,2023-03-07,Compliant
P0740,Overdue,Complete,No Issues,2021-01-22,Compliant
P0741,Complete,Complete,No Issues,2021-05-22,At Risk
P0742,Overdue,Complete,Follow-up Required,2022-07-04,At Risk
P0743,Complete,Complete,Follow-up Required,2020-06-08,Non-Compliant
P0744,Complete,Complete,Inspection Required,2020-08-11,At Risk
P0745,Complete,Due Soon,No Issues,2020-06-02,At Risk
P0746,Complete,Complete,Follow-up Required,28/01/2019,At Risk
P0747,Overdue,Overdue,No Issues,2025-07-13,At Risk
P0748,Complete,Overdue,No Issues,16/10/2021,Compliant
P0749,Complete,Complete,No Issues,2021-10-04,Compliant
P0750,Complete,Complete,Inspection Required,2021-01-14,Compliant
P0751,Complete,Complete,No Issues,2020-05-03,Compliant
P0752,Complete,Due Soon,No Issues,2025-04-02,Compliant
P0753,Due Soon,Complete,Follow-up Required,2025-05-05,Compliant
P0754,Complete,Complete,No Issues,2023-04-28,Non-Compliant
P0755,Complete,Due Soon,No Issues,2020-05-11,At Risk
P0756,Complete,Complete,Inspection Required,,Compliant
P0757,Complete,Complete,No Issues,09/12/2023,Compliant
P0758,Complete,Complete,No Issues,2024-09-04,Compliant
P0759,Complete,Complete,Inspection Required,2020-05-28,Compliant
P0760,Complete,Complete,Follow-up Required,2024-02-22,Non-Compliant
P0761,Complete,Complete,No Issues,2021-02-09,Compliant
P0762,Complete,Complete,Inspection Required,2022-06-24,Compliant
P0763,Complete,Complete,Follow-up Required,26/01/2023,At Risk
P0764,Complete,Overdue,Follow-up Required,2019-01-17,Compliant
P0765,Complete,Complete,No Issues,2022-11-22,Compliant
P0766,Due Soon,Complete,Follow-up Required,04/10/2019,At Risk
P0767,Due Soon,Complete,No Issues,27/02/2019,At Risk
P0768,Complete,Complete,Inspection Required,2025-07-01,At Risk
P0769,Complete,Complete,No Issues,2020-08-28,Compliant
P0770,Complete,Complete,Inspection Required,2020-10-08,Compliant
P0771,Overdue,Complete,Inspection Required,2021-03-16,At Risk
P0772,Due Soon,Complete,Inspection Required,2020-06-18,Non-Compliant
P0773,Complete,Due Soon,No Issues,2022-09-12,Compliant
P0774,Complete,Complete,No Issues,2024-01-09,Compliant
P0775,Due Soon,Complete,No Issues,2019-12-23,Non-Compliant
P0776,Overdue,Complete,No Issues,2022-06-23,At Risk
P0777,Due Soon,Complete,No Issues,2021-10-27,Compliant
P0778,Overdue,Overdue,Follow-up Required,2023-06-10,Non-Compliant
P0779,Complete,Complete,Inspection Required,2021-11-11,Compliant
P0780,Complete,Complete,Inspection Required,04/10/2021,Non-Compliant
P0781,Complete,Complete,No Issues,16/04/2025,Compliant
P0782,Complete,Overdue,No Issues,14/03/2024,Non-Compliant
P0783,Complete,Complete,No Issues,2020-11-11,Compliant
P0784,Due Soon,Complete,Inspection Required,2020-12-20,At Risk
P0785,Due Soon,Complete,No Issues,2020-01-18,Compliant
P0786,Complete,Complete,No Issues,2025-01-12,At Risk
P0787,Complete,Complete,Follow-up Required,2019-07-07,Non-Compliant
P0788,Complete,Due Soon,Inspection Required,2021-04-03,Compliant
P0789,Overdue,Due Soon,Inspection Required,2021-03-19,Compliant
P0790,Complete,Overdue,Inspection Required,2025-08-26,At Risk
P0791,Overdue,Complete,Follow-up Required,2024-06-28,At Risk
P0792,Complete,Due Soon,Follow-up Required,2022-03-27,Compliant
P0793,Overdue,Complete,Follow-up Required,14/03/2022,At Risk
P0794,Complete,Complete,No Issues,2020-06-23,Compliant
P0795,Complete,Complete,No Issues,12/01/2025,At Risk
P0796,Due Soon,Complete,No Issues,2025-07-15,Non-Compliant
P0797,Complete,Complete,Inspection Required,2020-04-11,At Risk
P0798,Complete,Complete,Follow-up Required,2025-10-11,Non-Compliant
P0799,Due Soon,Complete,No Issues,2022-12-22,Compliant
P0800,Complete,Complete,Inspection Required,2021-09-16,Compliant
P0801,Complete,Complete,Inspection Required,2024-02-07,Compliant
P0802,Complete,Complete,No Issues,2023-08-08,Compliant
P0803,Complete,Complete,Follow-up Required,2023-04-16,Compliant
P0804,Complete,Complete,No Issues,2022-01-15,Compliant
P0805,Overdue,Complete,Inspection Required,23/12/2020,At Risk
P0806,Complete,Complete,No Issues,2021-06-24,Compliant
P0807,Overdue,Complete,No Issues,2023-07-18,Compliant
P0808,Complete,Complete,No Issues,2022-12-14,Compliant
P0809,Complete,Complete,No Issues,05/09/2025,Compliant
P0810,Complete,Due Soon,No Issues,2023-01-20,Compliant
P0811,Complete,Overdue,Inspection Required,21/12/2023,Compliant
P0812,Due Soon,Due Soon,Follow-up Required,2024-11-19,At Risk
P0813,Complete,Complete,No Issues,14/05/2024,Compliant
P0814,Overdue,Complete,Follow-up Required,2021-01-14,Non-Compliant
P0815,Complete,Complete,Follow-up Required,2020-11-15,Non-Compliant
P0816,Due Soon,Complete,Inspection Required,2024-01-08,Non-Compliant
P0817,Due Soon,Complete,No Issues,2021-07-14,At Risk
P0818,Overdue,Overdue,Inspection Required,2022-01-14,At Risk
P0819,Complete,Complete,Inspection Required,19/02/2020,Non-Compliant
P0820,Overdue,Due Soon,Inspection Required,2019-12-27,Compliant
P0821,Complete,Complete,Follow-up Required,2024-11-10,Compliant
P0822,Complete,Due Soon,Follow-up Required,16/07/2021,Compliant
P0823,Complete,Complete,Inspection Required,2024-01-25,At Risk
P0824,Complete,Complete,Follow-up Required,12/06/2019,At Risk
P0825,Complete,Due Soon,Follow-up Required,2025-04-15,At Risk
P0826,Due Soon,Complete,Inspection Required,13/12/2020,Compliant
P0827,Complete,Complete,No Issues,2023-08-26,Non-Compliant
P0828,Complete,Due Soon,No Issues,2020-07-15,Compliant
P0829,Overdue,Complete,No Issues,2022-10-19,Compliant
P0830,Overdue,Overdue,Follow-up Required,2021-05-15,At Risk
P0831,Complete,Due Soon,No Issues,25/07/2020,At Risk
P0832,Overdue,Due Soon,No Issues,2022-11-24,Compliant
P0833,Complete,Complete,Follow-up Required,2025-02-25,Non-Compliant
P0834,Complete,Complete,No Issues,2022-03-21,At Risk
P0835,Complete,Complete,Inspection Required,2024-06-20,Compliant
P0836,Complete,Overdue,No Issues,2025-11-04,At Risk
P0837,Overdue,Due Soon,No Issues,04/07/2022,Compliant
P0838,Complete,Complete,Follow-up Required,2021-12-22,Compliant
P0839,Complete,Complete,Follow-up Required,,Non-Compliant
P0840,Complete,Complete,No Issues,2021-08-04,Compliant
P0841,Complete,Complete,No Issues,2020-02-03,Compliant
P0842,Complete,Due Soon,Follow-up Required,09/06/2023,Compliant
P0843,Due Soon,Complete,No Issues,18/04/2021,Compliant
P0844,Complete,Complete,Inspection Required,,Compliant
P0845,Complete,Due Soon,No Issues,28/05/2025,Compliant
P0846,Complete,Complete,No Issues,2024-06-24,At Risk
P0847,Complete,Complete,No Issues,2019-09-18,At Risk
P0848,Complete,Complete,No Issues,2025-11-14,At Risk
P0849,Complete,Overdue,Inspection Required,2020-11-15,Non-Compliant
P0850,Complete,Complete,Follow-up Required,2019-02-14,Compliant
P0851,Complete,Complete,Inspection Required,2021-06-15,Compliant
P0852,Complete,Complete,No Issues,2019-04-24,Compliant
P0853,Complete,Due Soon,Inspection Required,2022-05-03,Non-Compliant
P0854,Complete,Due Soon,Inspection Required,2021-03-28,Non-Compliant
P0855,Complete,Complete,No Issues,2024-07-03,Compliant
P0856,Complete,Complete,No Issues,2021-05-04,Compliant
P0857,Complete,Complete,No Issues,2025-06-17,Non-Compliant
P0858,Complete,Due Soon,No Issues,2019-11-12,Compliant
P0859,Overdue,Complete,No Issues,28/01/2025,Compliant
P0860,Overdue,Complete,No Issues,2019-06-04,Non-Compliant
P0861,Due Soon,Complete,No Issues,2020-07-09,Compliant
P0862,Overdue,Complete,No Issues,2019-12-24,Non-Compliant
P0863,Complete,Complete,Follow-up Required,2024-09-01,Non-Compliant
P0864,Complete,Complete,No Issues,19/06/2022,Compliant
P0865,Complete,Complete,Follow-up Required,2019-11-04,At Risk
P0866,Complete,Complete,Follow-up Required,2020-02-14,At Risk
P0867,Complete,Complete,Inspection Required,2024-08-23,Non-Compliant
P0868,Due Soon,Due Soon,Inspection Required,2025-01-26,At Risk
P0869,Overdue,Complete,No Issues,2024-06-05,At Risk
P0870,Complete,Complete,No Issues,2022-03-01,Compliant
P0871,Due Soon,Due Soon,No Issues,2022-07-15,Non-Compliant
P0872,Complete,Overdue,No Issues,,At Risk
P0873,Complete,Complete,No Issues,2023-12-14,Compliant
P0874,Complete,Complete,Inspection Required,22/11/2023,At Risk
P0875,Complete,Complete,Inspection Required,2022-08-12,Compliant
P0876,Due Soon,Due Soon,No Issues,2019-03-01,Compliant
P0877,Complete,Complete,Inspection Required,27/08/2019,Compliant
P0878,Complete,Complete,No Issues,2019-03-16,At Risk
P0879,Complete,Complete,No Issues,2022-11-27,At Risk
P0880,Complete,Complete,No Issues,2019-10-05,Non-Compliant
P0881,Complete,Complete,Follow-up Required,2024-06-14,Non-Compliant
P0882,Complete,Complete,No Issues,2022-09-26,Compliant
P0883,Complete,Complete,Inspection Required,2022-02-17,At Risk
P0884,Complete,Due Soon,Inspection Required,2024-04-05,At Risk
P0885,Complete,Overdue,No Issues,2021-01-17,At Risk
P0886,Complete,Due Soon,No Issues,2019-08-13,Compliant
P0887,Due Soon,Complete,No Issues,2025-12-19,At Risk
P0888,Due Soon,Complete,No Issues,2025-05-21,Compliant
P0889,Overdue,Complete,No Issues,2023-11-27,At Risk
P0890,Overdue,Complete,No Issues,2021-10-19,At Risk
P0891,Complete,Complete,No Issues,2023-11-09,At Risk
P0892,Complete,Complete,Inspection Required,08/03/2019,Compliant
P0893,Complete,Complete,Inspection Required,2025-09-07,Compliant
P0894,Complete,Overdue,No Issues,2020-10-15,Compliant
P0895,Complete,Due Soon,Follow-up Required,2022-02-24,Compliant
P0896,Complete,Complete,Inspection Required,2022-09-01,At Risk
P0897,Complete,Complete,No Issues,12/07/2023,Non-Compliant
P0898,Overdue,Due Soon,No Issues,2023-02-14,At Risk
P0899,Complete,Complete,Inspection Required,2025-06-27,Compliant
P0900,Complete,Complete,No Issues,2021-08-07,Compliant
P0901,Complete,Complete,No Issues,22/02/2025,Non-Compliant
P0902,Complete,Complete,No Issues,2019-03-11,Compliant
P0903,Complete,Due Soon,Follow-up Required,2025-11-19,At Risk
P0904,Due Soon,Due Soon,Follow-up Required,2024-06-17,Non-Compliant
P0905,Complete,Due Soon,Inspection Required,2023-10-07,Non-Compliant
P0906,Complete,Complete,No Issues,2025-06-06,At Risk
P0907,Complete,Complete,No Issues,2020-01-22,Compliant
P0908,Due Soon,Complete,No Issues,2025-10-10,Compliant
P0909,Complete,Complete,No Issues,2023-02-13,Non-Compliant
P0910,Complete,Due Soon,No Issues,2024-04-20,Non-Compliant
P0911,Due Soon,Overdue,Follow-up Required,2019-11-25,Compliant
P0912,Complete,Complete,Inspection Required,2022-12-27,Compliant
P0913,Overdue,Complete,No Issues,19/04/2019,Non-Compliant
P0914,Overdue,Complete,Inspection Required,2020-02-11,At Risk
P0915,Complete,Complete,Inspection Required,08/11/2021,Compliant
P0916,Complete,Complete,No Issues,2024-08-17,Compliant
P0917,Complete,Complete,Follow-up Required,2021-10-28,Non-Compliant
P0918,Complete,Complete,No Issues,2024-06-12,Compliant
P0919,Overdue,Complete,Inspection Required,07/04/2023,At Risk
P0920,Complete,Due Soon,No Issues,2023-09-22,Compliant
P0921,Due Soon,Due Soon,Follow-up Required,2022-01-16,At Risk
P0922,Complete,Complete,Inspection Required,2024-08-06,Compliant
P0923,Complete,Complete,Inspection Required,2021-08-05,At Risk
P0924,Complete,Complete,Follow-up Required,2022-10-06,At Risk
P0925,Complete,Complete,No Issues,02/09/2020,Compliant
P0926,Complete,Due Soon,Follow-up Required,2019-04-23,At Risk
P0927,Complete,Complete,Inspection Required,2019-08-14,At Risk
P0928,Complete,Complete,Follow-up Required,2023-02-05,At Risk
P0929,Complete,Complete,No Issues,02/09/2019,Compliant
P0930,Complete,Complete,No Issues,2021-04-27,Compliant
P0931,Overdue,Due Soon,Follow-up Required,2021-09-05,Compliant
P0932,Complete,Due Soon,Inspection Required,2023-01-10,At Risk
P0933,Complete,Complete,No Issues,2020-11-12,Compliant
P0934,Due Soon,Due Soon,Inspection Required,2020-05-27,Non-Compliant
P0935,Complete,Due Soon,No Issues,2022-08-01,Non-Compliant
P0936,Complete,Complete,No Issues,2020-09-14,At Risk
P0937,Due Soon,Complete,No Issues,18/03/2021,Compliant
P0938,Complete,Complete,No Issues,06/05/2022,At Risk
P0939,Complete,Due Soon,No Issues,2025-12-10,Compliant
P0940,Complete,Complete,No Issues,2023-01-24,Compliant
P0941,Complete,Complete,No Issues,,Compliant
P0942,Complete,Complete,No Issues,2025-08-01,At Risk
P0943,Due Soon,Complete,Inspection Required,2019-07-16,Compliant
P0944,Complete,Complete,No Issues,08/02/2022,Compliant
P0945,Complete,Complete,No Issues,,At Risk
P0946,Complete,Complete,No Issues,2022-07-02,At Risk
P0947,Complete,Complete,Inspection Required,2021-07-19,Compliant
P0948,Complete,Complete,No Issues,2024-11-06,Non-Compliant
P0949,Complete,Due Soon,No Issues,2022-12-13,Compliant
P0950,Due Soon,Overdue,Follow-up Required,2022-02-09,Compliant
P0951,Complete,Due Soon,No Issues,2020-11-05,Compliant
P0952,Due Soon,Complete,No Issues,2025-11-23,Non-Compliant
P0953,Due Soon,Complete,Follow-up Required,2025-07-10,Non-Compliant
P0954,Complete,Complete,No Issues,2019-04-10,Compliant
P0955,Complete,Complete,No Issues,2019-04-22,Compliant
P0956,Complete,Complete,Inspection Required,2019-08-21,Non-Compliant
P0957,Complete,Due Soon,Follow-up Required,16/12/2022,Compliant
P0958,Complete,Complete,Follow-up Required,04/08/2024,Compliant
P0959,Complete,Complete,Follow-up Required,2025-03-23,At Risk
P0960,Complete,Complete,Inspection Required,2020-10-21,Compliant
P0961,Complete,Complete,Follow-up Required,2023-12-05,Compliant
P0962,Due Soon,Complete,Inspection Required,2024-08-23,Compliant
P0963,Overdue,Complete,No Issues,2022-04-01,Compliant
P0964,Due Soon,Complete,No Issues,2025-09-22,Compliant
P0965,Overdue,Complete,Follow-up Required,2021-09-20,Compliant
P0966,Due Soon,Complete,No Issues,2023-09-12,Compliant
P0967,Complete,Overdue,No Issues,,Compliant
P0968,Complete,Complete,No Issues,2021-03-25,At Risk
P0969,Due Soon,Complete,No Issues,2024-09-27,Compliant
P0970,Complete,Complete,No Issues,2019-04-06,At Risk
P0971,Complete,Complete,No Issues,28/11/2022,Compliant
P0972,Complete,Complete,No Issues,11/06/2020,At Risk
P0973,Complete,Due Soon,No Issues,2019-07-06,At Risk
P0974,Complete,Due Soon,Inspection Required,2021-08-07,Compliant
P0975,Complete,Due Soon,Inspection Required,2024-02-20,At Risk
P0976,Due Soon,Complete,No Issues,20/07/2023,Non-Compliant
P0977,Complete,Complete,Follow-up Required,13/12/2025,Compliant
P0978,Complete,Due Soon,No Issues,2019-11-12,Compliant
P0979,Complete,Complete,Follow-up Required,2022-04-17,At Risk
P0980,Due Soon,Complete,No Issues,2023-11-10,At Risk
P0981,Complete,Due Soon,No Issues,2019-01-18,Compliant
P0982,Complete,Complete,Follow-up Required,2020-08-22,Compliant
P0983,Complete,Complete,No Issues,2019-10-12,Compliant
P0984,Due Soon,Complete,Follow-up Required,2021-09-01,Compliant
P0985,Complete,Complete,Inspection Required,2023-08-08,Compliant
P0986,Complete,Complete,Inspection Required,2024-04-26,At Risk
P0987,Due Soon,Complete,Inspection Required,2023-03-18,At Risk
P0988,Complete,Complete,No Issues,2023-10-02,Non-Compliant
P0989,Complete,Complete,Inspection Required,2025-02-14,Compliant
P0990,Due Soon,Complete,No Issues,2021-02-15,Non-Compliant
P0991,Complete,Complete,No Issues,2025-09-14,Compliant
P0992,Due Soon,Complete,Inspection Required,2025-11-25,Compliant
P0993,Complete,Due Soon,Follow-up Required,2023-08-26,At Risk
P0994,Complete,Complete,No Issues,21/05/2025,Compliant
P0995,Due Soon,Due Soon,No Issues,2022-08-14,Compliant
P0996,Due Soon,Complete,Inspection Required,2023-08-04,Compliant
P0997,Due Soon,Complete,No Issues,2024-04-26,At Risk
P0998,Due Soon,Due Soon,No Issues,03/09/2021,At Risk
P0999,Overdue,Complete,No Issues,2019-07-22,At Risk
P1000,Complete,Complete,Inspection Required,2023-05-06,Non-Compliant
P1001,Overdue,Complete,Inspection Required,2023-07-02,At Risk
P1002,Complete,Complete,Inspection Required,10/01/2023,At Risk
P1003,Due Soon,Due Soon,Follow-up Required,2024-11-12,Compliant
P1004,Complete,Complete,No Issues,18/01/2024,Compliant
P1005,Complete,Complete,No Issues,2023-04-22,Compliant
P1006,Complete,Complete,Inspection Required,2025-04-17,Compliant
P1007,Complete,Due Soon,No Issues,2023-03-12,Compliant
P1008,Complete,Complete,Inspection Required,2019-02-27,Compliant
P1009,Complete,Complete,Follow-up Required,2020-12-22,Compliant
P1010,Complete,Complete,No Issues,2022-11-17,Non-Compliant
P1011,Complete,Complete,No Issues,2023-08-06,Compliant
P1012,Complete,Complete,No Issues,2022-08-18,Compliant
P1013,Complete,Complete,No Issues,2022-03-13,At Risk
P1014,Overdue,Complete,Follow-up Required,,Compliant
P1015,Complete,Complete,No Issues,2020-08-06,At Risk
P1016,Overdue,Complete,Inspection Required,20/07/2019,Compliant
P1017,Overdue,Complete,Follow-up Required,2023-02-20,Non-Compliant
P1018,Complete,Complete,No Issues,2021-08-19,Compliant
P1019,Due Soon,Complete,No Issues,2020-03-08,At Risk
P1020,Overdue,Due Soon,No Issues,2020-08-20,At Risk
P1021,Complete,Complete,Follow-up Required,15/10/2023,Compliant
P1022,Complete,Complete,Inspection Required,2019-05-13,Compliant
P1023,Complete,Overdue,No Issues,05/06/2021,Non-Compliant
P1024,Complete,Complete,Inspection Required,2022-06-22,Compliant
P1025,Complete,Complete,No Issues,2023-03-13,Non-Compliant
P1026,Complete,Complete,No Issues,2021-10-06,Compliant
P1027,Complete,Complete,Follow-up Required,16/10/2024,Non-Compliant
P1028,Complete,Overdue,No Issues,2020-01-11,Compliant
P1029,Complete,Complete,Inspection Required,25/11/2023,Compliant
P1030,Overdue,Complete,Inspection Required,2022-01-14,At Risk
P1031,Complete,Complete,Inspection Required,2020-10-06,At Risk
P1032,Complete,Due Soon,No Issues,2025-09-01,At Risk
P1033,Due Soon,Complete,No Issues,2021-06-13,Compliant
P1034,Due Soon,Complete,Follow-up Required,2024-01-03,Compliant
P1035,Complete,Complete,No Issues,2020-12-22,Compliant
P1036,Overdue,Complete,No Issues,20/02/2025,Compliant
P1037,Overdue,Complete,No Issues,2024-09-07,Compliant
P1038,Overdue,Complete,No Issues,2025-12-15,At Risk
P1039,Complete,Complete,Inspection Required,2019-07-06,Non-Compliant
P1040,Complete,Complete,Inspection Required,2021-11-05,Compliant
P1041,Overdue,Due Soon,Inspection Required,2019-08-01,Compliant
P1042,Complete,Complete,Inspection Required,2020-06-04,Compliant
P1043,Complete,Complete,Follow-up Required,02/04/2019,Non-Compliant
P1044,Complete,Complete,Inspection Required,2024-06-01,Compliant
P1045,Complete,Complete,Follow-up Required,2023-05-13,Non-Compliant
P1046,Complete,Complete,No Issues,2024-04-20,Compliant
P1047,Complete,Due Soon,Follow-up Required,2025-11-18,Compliant
P1048,Complete,Due Soon,No Issues,2021-09-28,Compliant
P1049,Complete,Due Soon,No Issues,2024-05-18,Non-Compliant
P1050,Complete,Complete,Follow-up Required,2025-02-19,At Risk
P1051,Due Soon,Complete,Inspection Required,,Compliant
P1052,Complete,Complete,No Issues,2024-02-06,At Risk
P1053,Due Soon,Due Soon,No Issues,2021-12-19,Non-Compliant
P1054,Complete,Complete,No Issues,2020-01-23,Non-Compliant
P1055,Complete,Complete,Inspection Required,2023-08-03,Compliant
P1056,Overdue,Complete,No Issues,2022-08-09,At Risk
P1057,Due Soon,Complete,No Issues,2025-08-21,At Risk
P1058,Complete,Complete,Inspection Required,2021-08-20,At Risk
P1059,Complete,Complete,Inspection Required,2019-05-03,Non-Compliant
P1060,Due Soon,Complete,No Issues,19/06/2025,At Risk
P1061,Overdue,Complete,Follow-up Required,02/01/2023,Compliant
P1062,Complete,Complete,Inspection Required,08/05/2021,Compliant
P1063,Complete,Overdue,Inspection Required,2023-01-22,At Risk
P1064,Complete,Complete,No Issues,2025-07-10,Compliant
P1065,Complete,Complete,Follow-up Required,2023-06-08,Compliant
P1066,Complete,Complete,Follow-up Required,2025-07-16,At Risk
P1067,Complete,Complete,Follow-up Required,2019-02-23,Compliant
P1068,Due Soon,Complete,No Issues,2019-08-07,Compliant
P1069,Complete,Complete,No Issues,2024-12-25,At Risk
P1070,Overdue,Due Soon,No Issues,2023-02-01,Compliant
P1071,Complete,Complete,Inspection Required,2022-01-11,Compliant
P1072,Complete,Complete,Follow-up Required,2023-05-09,Compliant
P1073,Complete,Complete,Inspection Required,2021-10-02,At Risk
P1074,Complete,Complete,Inspection Required,2021-04-16,Compliant
P1075,Complete,Complete,No Issues,,Non-Compliant
P1076,Complete,Overdue,No Issues,2022-09-24,Compliant
P1077,Due Soon,Complete,Follow-up Required,2019-08-04,Compliant
P1078,Complete,Complete,No Issues,2023-04-19,At Risk
P1079,Complete,Complete,No Issues,2020-07-02,Compliant
P1080,Due Soon,Complete,No Issues,,At Risk
P1081,Complete,Complete,No Issues,2022-01-03,At Risk
P1082,Due Soon,Complete,Inspection Required,2025-07-05,Non-Compliant
P1083,Complete,Complete,No Issues,13/02/2020,Compliant
P1084,Complete,Complete,Follow-up Required,15/11/2019,At Risk
P1085,Complete,Due Soon,Inspection Required,2025-05-01,Compliant
P1086,Complete,Complete,Inspection Required,13/04/2021,At Risk
P1087,Complete,Complete,Inspection Required,2021-10-08,At Risk
P1088,Complete,Complete,No Issues,2024-07-07,At Risk
P1089,Complete,Complete,No Issues,2023-11-03,Compliant
P1090,Complete,Overdue,Follow-up Required,02/03/2023,At Risk
P1091,Overdue,Complete,Inspection Required,2020-12-02,Non-Compliant
P1092,Due Soon,Complete,No Issues,2025-01-10,Compliant
P1093,Due Soon,Complete,Inspection Required,2022-05-04,Compliant
P1094,Complete,Complete,No Issues,11/07/2025,Compliant
P1095,Overdue,Complete,Inspection Required,,At Risk
P1096,Complete,Complete,Inspection Required,2019-03-05,At Risk
P1097,Complete,Overdue,Inspection Required,2020-12-01,At Risk
P1098,Overdue,Complete,No Issues,2020-05-19,Compliant
P1099,Due Soon,Complete,Inspection Required,2019-08-10,Non-Compliant
P1100,Complete,Due Soon,No Issues,06/09/2020,Compliant
P1101,Complete,Complete,No Issues,2022-02-16,Non-Compliant
P1102,Complete,Due Soon,No Issues,2024-12-23,At Risk
P1103,Due Soon,Complete,No Issues,2025-06-28,Compliant
P1104,Complete,Complete,Inspection Required,2021-05-01,Non-Compliant
P1105,Complete,Complete,No Issues,2023-03-22,Compliant
P1106,Due Soon,Complete,No Issues,2022-04-14,Compliant
P1107,Overdue,Complete,No Issues,2024-12-11,Non-Compliant
P1108,Complete,Complete,No Issues,02/07/2020,Compliant
P1109,Overdue,Due Soon,Follow-up Required,2023-10-09,At Risk
P1110,Complete,Due Soon,No Issues,2023-08-22,At Risk
P1111,Complete,Complete,No Issues,2022-10-28,At Risk
P1112,Complete,Complete,Inspection Required,2019-04-17,At Risk
P1113,Overdue,Complete,No Issues,2021-06-14,Compliant
P1114,Complete,Overdue,Inspection Required,2020-03-19,Non-Compliant
P1115,Complete,Due Soon,No Issues,2021-03-28,At Risk
P1116,Overdue,Complete,No Issues,2020-09-28,Compliant
P1117,Complete,Complete,No Issues,09/09/2022,Non-Compliant
P1118,Complete,Complete,No Issues,19/12/2020,Compliant
P1119,Complete,Complete,No Issues,2022-01-14,Compliant
P1120,Complete,Complete,No Issues,2024-11-13,Compliant
P1121,Complete,Complete,Inspection Required,2023-01-10,Non-Compliant
P1122,Due Soon,Complete,Inspection Required,2020-01-23,At Risk
P1123,Complete,Complete,No Issues,08/05/2023,At Risk
P1124,Complete,Complete,No Issues,,Compliant
P1125,Complete,Complete,No Issues,24/08/2023,At Risk
P1126,Complete,Complete,No Issues,2021-12-18,Compliant
P1127,Complete,Complete,No Issues,2022-05-03,Compliant
P1128,Complete,Complete,No Issues,2020-03-22,Non-Compliant
P1129,Due Soon,Complete,Inspection Required,2023-11-05,At Risk
P1130,Complete,Complete,No Issues,2025-10-27,Compliant
P1131,Complete,Overdue,Inspection Required,2023-03-18,Compliant
P1132,Due Soon,Complete,Inspection Required,2024-01-18,Compliant
P1133,Complete,Complete,Inspection Required,25/06/2023,Non-Compliant
P1134,Complete,Complete,No Issues,2025-03-06,Compliant
P1135,Overdue,Due Soon,Follow-up Required,2024-12-21,At Risk
P1136,Due Soon,Complete,No Issues,2022-02-06,Compliant
P1137,Complete,Complete,Follow-up Required,2019-12-20,Non-Compliant
P1138,Overdue,Complete,No Issues,2023-06-27,Compliant
P1139,Due Soon,Complete,No Issues,2020-08-19,At Risk
P1140,Complete,Complete,No Issues,2023-11-07,Compliant
P1141,Complete,Complete,No Issues,2024-06-13,Compliant
P1142,Complete,Complete,Inspection Required,2019-02-26,Compliant
P1143,Complete,Complete,No Issues,2022-04-14,Compliant
P1144,Due Soon,Due Soon,No Issues,01/02/2025,Compliant
P1145,Complete,Complete,Follow-up Required,2022-01-06,Compliant
P1146,Complete,Overdue,No Issues,2022-08-05,At Risk
P1147,Complete,Complete,No Issues,2024-09-12,Compliant
P1148,Complete,Complete,No Issues,2023-05-19,Compliant
P1149,Complete,Complete,Inspection Required,2023-06-10,Compliant
P1150,Complete,Complete,Follow-up Required,2022-08-12,At Risk
P1151,Complete,Complete,Inspection Required,17/02/2020,At Risk
P1152,Due Soon,Complete,Inspection Required,2025-07-04,Compliant
P1153,Complete,Due Soon,Follow-up Required,02/05/2021,Compliant
P1154,Complete,Complete,Inspection Required,2024-05-28,At Risk
P1155,Complete,Due Soon,No Issues,2020-06-27,Compliant
P1156,Complete,Complete,No Issues,2025-09-05,Compliant
P1157,Complete,Complete,No Issues,2022-05-25,At Risk
P1158,Complete,Due Soon,Inspection Required,2023-12-21,At Risk
P1159,Complete,Complete,No Issues,2020-01-07,At Risk
P1160,Complete,Complete,No Issues,2025-12-12,At Risk
P1161,Complete,Complete,No Issues,2019-04-05,Compliant
P1162,Overdue,Due Soon,No Issues,2019-04-12,Non-Compliant
P1163,Overdue,Complete,No Issues,2021-10-09,At Risk
P1164,Complete,Due Soon,No Issues,2024-07-08,Non-Compliant
P1165,Complete,Complete,Follow-up Required,2021-01-11,Compliant
P1166,Complete,Complete,No Issues,09/10/2022,Non-Compliant
P1167,Overdue,Complete,Follow-up Required,2019-05-07,Compliant
P1168,Due Soon,Complete,Follow-up Required,23/07/2024,Non-Compliant
P1169,Complete,Complete,No Issues,19/06/2025,Compliant
P1170,Complete,Due Soon,No Issues,26/10/2022,Non-Compliant
P1171,Complete,Complete,No Issues,2022-10-12,Compliant
P1172,Complete,Due Soon,Follow-up Required,2021-09-23,Non-Compliant
P1173,Due Soon,Complete,No Issues,2023-04-21,Compliant
P1174,Complete,Due Soon,No Issues,19/08/2025,At Risk
P1175,Overdue,Complete,Inspection Required,07/07/2023,At Risk
P1176,Overdue,Complete,Inspection Required,2022-01-28,At Risk
P1177,Due Soon,Complete,Follow-up Required,2024-09-24,At Risk
P1178,Complete,Overdue,No Issues,21/10/2020,Compliant
P1179,Complete,Due Soon,No Issues,11/01/2023,Compliant
P1180,Due Soon,Complete,No Issues,2023-09-26,Non-Compliant
P1181,Overdue,Complete,No Issues,2023-05-04,Compliant
P1182,Complete,Complete,No Issues,2019-08-01,Compliant
P1183,Due Soon,Complete,No Issues,,Compliant
P1184,Complete,Complete,No Issues,2022-05-01,At Risk
P1185,Complete,Complete,Inspection Required,2024-12-19,At Risk
P1186,Overdue,Complete,Follow-up Required,2022-08-09,Compliant
P1187,Due Soon,Due Soon,No Issues,06/07/2025,At Risk
P1188,Complete,Complete,Inspection Required,2025-04-22,Compliant
P1189,Due Soon,Complete,No Issues,2024-11-16,Non-Compliant
P1190,Complete,Complete,Inspection Required,2021-01-03,Compliant
P1191,Overdue,Overdue,No Issues,2022-06-19,Compliant
P1192,Complete,Complete,No Issues,2022-08-15,Compliant
P1193,Overdue,Overdue,Follow-up Required,2025-02-09,At Risk
P1194,Complete,Complete,Inspection Required,2023-11-04,Compliant
P1195,Complete,Due Soon,No Issues,2019-02-01,Compliant
P1196,Complete,Complete,No Issues,2020-12-26,At Risk
P1197,Complete,Overdue,No Issues,11/12/2024,Compliant
P1198,Due Soon,Overdue,No Issues,19/10/2022,At Risk
P1199,Complete,Complete,Inspection Required,2022-02-05,Non-Compliant
P1200,Overdue,Due Soon,Follow-up Required,,Compliant
P1201,Complete,Overdue,Inspection Required,15/11/2023,At Risk
P1202,Complete,Complete,Follow-up Required,2020-01-21,At Risk
P1203,Complete,Complete,No Issues,2020-05-04,Compliant
P1204,Complete,Complete,No Issues,,Non-Compliant
P1205,Overdue,Complete,No Issues,2019-09-16,Compliant
P1206,Due Soon,Complete,No Issues,2022-11-25,At Risk
P1207,Complete,Complete,No Issues,04/10/2023,At Risk
P1208,Complete,Complete,Follow-up Required,2019-04-13,At Risk
P1209,Complete,Complete,No Issues,2025-06-08,Compliant
P1210,Complete,Complete,No Issues,2025-01-14,Compliant
P1211,Complete,Complete,Inspection Required,2025-05-24,Compliant
P1212,Complete,Overdue,Inspection Required,,Compliant
P1213,Complete,Complete,No Issues,25/03/2023,Compliant
P1214,Due Soon,Complete,Follow-up Required,07/03/2024,Compliant
P1215,Complete,Complete,No Issues,2023-12-09,At Risk
P1216,Complete,Complete,Inspection Required,2025-02-20,At Risk
P1217,Overdue,Complete,No Issues,2019-07-28,At Risk
P1218,Complete,Complete,Follow-up Required,2022-06-08,Compliant
P1219,Complete,Complete,No Issues,2024-09-28,At Risk
P1220,Complete,Due Soon,No Issues,,At Risk
P1221,Complete,Complete,Follow-up Required,19/02/2024,Compliant
P1222,Complete,Complete,Follow-up Required,2023-11-24,Compliant
P1223,Overdue,Complete,No Issues,2025-01-14,Non-Compliant
P1224,Due Soon,Complete,No Issues,2021-11-16,At Risk
P1225,Complete,Complete,Follow-up Required,2020-02-17,Non-Compliant
P1226,Complete,Complete,Inspection Required,,Compliant
P1227,Complete,Complete,Follow-up Required,2021-06-23,Compliant
P1228,Complete,Complete,Follow-up Required,2023-03-28,Compliant
P1229,Complete,Overdue,No Issues,2021-02-10,At Risk
P1230,Complete,Complete,No Issues,2023-01-18,Compliant
P1231,Complete,Complete,Follow-up Required,2024-10-04,Compliant
P1232,Complete,Complete,No Issues,2019-12-23,Non-Compliant
P1233,Complete,Complete,Follow-up Required,2021-01-09,Compliant
P1234,Overdue,Complete,No Issues,,Compliant
P1235,Complete,Complete,Inspection Required,2021-09-05,Non-Compliant
P1236,Complete,Overdue,Inspection Required,2020-12-28,Compliant
P1237,Overdue,Complete,Inspection Required,2020-11-13,Non-Compliant
P1238,Complete,Complete,Follow-up Required,08/08/2025,At Risk
P1239,Due Soon,Due Soon,No Issues,2020-06-01,At Risk
P1240,Complete,Due Soon,No Issues,2025-11-07,Compliant
P1241,Complete,Complete,No Issues,2020-07-23,Compliant
P1242,Complete,Complete,No Issues,2019-03-19,Compliant
P1243,Overdue,Complete,Follow-up Required,2024-09-07,Compliant
P1244,Complete,Complete,Inspection Required,2020-06-26,At Risk
P1245,Complete,Complete,Inspection Required,2023-12-19,At Risk
P1246,Complete,Due Soon,No Issues,13/01/2023,Non-Compliant
P1247,Complete,Due Soon,Inspection Required,2020-03-17,Compliant
P1248,Due Soon,Overdue,No Issues,,Non-Compliant
P1249,Complete,Complete,Inspection Required,2019-06-09,At Risk
P1250,Overdue,Complete,Inspection Required,2023-05-01,At Risk
P1251,Overdue,Complete,No Issues,2023-11-11,Non-Compliant
P1252,Due Soon,Complete,No Issues,2025-12-10,At Risk
P1253,Complete,Complete,Inspection Required,2023-07-22,Compliant
P1254,Complete,Complete,Follow-up Required,2022-07-23,At Risk
P1255,Complete,Complete,Follow-up Required,2024-10-17,Compliant
P1256,Complete,Complete,No Issues,25/12/2020,Compliant
P1257,Complete,Complete,Inspection Required,2024-08-11,Compliant
P1258,Complete,Due Soon,No Issues,2020-05-23,Compliant
P1259,Complete,Complete,No Issues,2022-07-27,At Risk
P1260,Complete,Complete,No Issues,01/05/2019,Non-Compliant
P1261,Complete,Due Soon,Inspection Required,2020-03-20,Compliant
P1262,Complete,Overdue,Inspection Required,2023-07-09,Compliant
P1263,Overdue,Complete,No Issues,2021-08-07,Compliant
P1264,Complete,Complete,Follow-up Required,2022-06-24,At Risk
P1265,Complete,Complete,Follow-up Required,2019-07-14,Compliant
P1266,Overdue,Complete,No Issues,22/06/2025,Compliant
P1267,Complete,Overdue,No Issues,2025-10-18,Compliant
P1268,Overdue,Complete,Inspection Required,2019-02-28,At Risk
P1269,Complete,Complete,No Issues,2025-02-18,Non-Compliant
P1270,Complete,Complete,No Issues,13/05/2023,Compliant
P1271,Complete,Complete,No Issues,2022-03-26,At Risk
P1272,Complete,Complete,No Issues,02/03/2019,At Risk
P1273,Complete,Complete,No Issues,2019-07-11,Compliant
P1274,Complete,Complete,Inspection Required,2019-06-19,At Risk
P1275,Complete,Due Soon,No Issues,2021-10-26,Compliant
P1276,Overdue,Complete,Inspection Required,2021-01-03,Compliant
P1277,Overdue,Due Soon,No Issues,2021-10-11,At Risk
P1278,Due Soon,Complete,No Issues,2020-04-16,At Risk
P1279,Complete,Complete,No Issues,,Compliant
P1280,Complete,Complete,No Issues,2019-09-20,At Risk
P1281,Complete,Complete,Inspection Required,14/04/2020,Compliant
P1282,Due Soon,Complete,Inspection Required,27/02/2025,At Risk
P1283,Complete,Complete,No Issues,2019-01-15,At Risk
P1284,Overdue,Complete,No Issues,2022-04-17,Non-Compliant
P1285,Complete,Due Soon,No Issues,,Non-Compliant
P1286,Complete,Complete,No Issues,2023-11-11,Compliant
P1287,Due Soon,Complete,Inspection Required,2024-10-01,Compliant
P1288,Overdue,Overdue,Inspection Required,2021-04-25,At Risk
P1289,Overdue,Complete,Inspection Required,2022-03-07,At Risk
P1290,Due Soon,Due Soon,Inspection Required,2023-08-22,Compliant
P1291,Complete,Complete,Follow-up Required,2021-02-09,Compliant
P1292,Overdue,Due Soon,No Issues,2022-07-01,Compliant
P1293,Complete,Due Soon,Inspection Required,2021-09-02,At Risk
P1294,Complete,Due Soon,Inspection Required,2023-08-17,At Risk
P1295,Complete,Complete,No Issues,23/02/2023,Non-Compliant
P1296,Complete,Due Soon,Follow-up Required,2025-12-19,Non-Compliant
P1297,Overdue,Complete,Follow-up Required,2020-11-09,At Risk
P1298,Due Soon,Complete,No Issues,19/01/2020,Compliant
P1299,Overdue,Complete,Follow-up Required,2023-07-26,Non-Compliant
P1300,Complete,Complete,No Issues,2019-12-15,Compliant
P1301,Complete,Due Soon,Inspection Required,2024-12-11,Non-Compliant
P1302,Complete,Due Soon,Inspection Required,2023-01-08,At Risk
P1303,Complete,Complete,Inspection Required,02/05/2024,Compliant
P1304,Complete,Complete,Follow-up Required,2022-05-27,Compliant
P1305,Complete,Complete,No Issues,,Compliant
P1306,Complete,Complete,Follow-up Required,2021-04-09,Compliant
P1307,Complete,Complete,No Issues,2020-08-17,At Risk
P1308,Complete,Complete,No Issues,14/01/2022,Compliant
P1309,Complete,Complete,Follow-up Required,22/09/2023,Compliant
P1310,Complete,Complete,No Issues,2024-01-11,At Risk
P1311,Complete,Complete,Inspection Required,07/02/2024,Compliant
P1312,Complete,Complete,Inspection Required,2024-07-17,Compliant
P1313,Complete,Complete,Inspection Required,2023-07-04,Compliant
P1314,Complete,Complete,Inspection Required,2022-08-20,Compliant
P1315,Complete,Complete,No Issues,2025-04-02,Compliant
P1316,Overdue,Overdue,No Issues,2023-05-03,Compliant
P1317,Complete,Complete,Follow-up Required,2025-01-13,Compliant
P1318,Overdue,Complete,No Issues,2025-06-13,Compliant
P1319,Complete,Complete,Follow-up Required,2024-11-20,Non-Compliant
P1320,Complete,Complete,No Issues,07/10/2020,Compliant
P1321,Overdue,Complete,Follow-up Required,2022-05-18,At Risk
P1322,Due Soon,Complete,No Issues,2019-04-01,Compliant
P1323,Complete,Complete,No Issues,18/11/2021,Non-Compliant
P1324,Due Soon,Due Soon,Inspection Required,2019-12-23,Compliant
P1325,Overdue,Complete,Inspection Required,2024-03-05,At Risk
P1326,Complete,Overdue,No Issues,2020-08-15,Non-Compliant
P1327,Complete,Complete,No Issues,2020-08-12,Non-Compliant
P1328,Due Soon,Overdue,No Issues,2025-10-25,At Risk
P1329,Overdue,Complete,No Issues,2023-07-28,Compliant
P1330,Complete,Complete,Follow-up Required,2021-12-07,Non-Compliant
P1331,Complete,Complete,Follow-up Required,2023-12-14,Compliant
P1332,Overdue,Due Soon,Inspection Required,2019-08-23,Compliant
P1333,Due Soon,Complete,No Issues,06/05/2021,Compliant
P1334,Overdue,Complete,No Issues,2021-11-10,Compliant
P1335,Complete,Complete,Inspection Required,2021-01-26,At Risk
P1336,Complete,Complete,Inspection Required,14/06/2020,At Risk
P1337,Complete,Complete,Follow-up Required,2025-11-27,Compliant
P1338,Complete,Due Soon,No Issues,21/03/2023,Compliant
P1339,Complete,Complete,No Issues,2021-06-26,Non-Compliant
P1340,Due Soon,Complete,Follow-up Required,2019-11-02,Compliant
P1341,Complete,Complete,Inspection Required,23/09/2024,Compliant
P1342,Overdue,Complete,Follow-up Required,2021-06-13,Non-Compliant
P1343,Overdue,Complete,No Issues,2024-01-26,Compliant
P1344,Complete,Complete,No Issues,2023-06-26,Compliant
P1345,Complete,Due Soon,No Issues,2022-09-13,At Risk
P1346,Complete,Complete,Follow-up Required,2025-08-02,At Risk
P1347,Complete,Complete,No Issues,13/06/2020,Compliant
P1348,Complete,Complete,No Issues,2020-01-09,Compliant
P1349,Complete,Complete,Inspection Required,06/11/2019,Compliant
P1350,Complete,Due Soon,No Issues,2024-10-14,Non-Compliant
P1351,Due Soon,Due Soon,No Issues,2024-01-13,Non-Compliant
P1352,Due Soon,Due Soon,No Issues,,Compliant
P1353,Complete,Complete,Inspection Required,07/03/2020,Non-Compliant
P1354,Overdue,Complete,No Issues,2021-04-18,Compliant
P1355,Complete,Complete,No Issues,2024-09-27,At Risk
P1356,Complete,Complete,Follow-up Required,2020-12-27,At Risk
P1357,Due Soon,Complete,Follow-up Required,2024-08-27,Compliant
P1358,Overdue,Complete,Inspection Required,2025-07-13,At Risk
P1359,Complete,Complete,Inspection Required,2019-07-02,At Risk
P1360,Complete,Complete,No Issues,2020-07-26,At Risk
P1361,Complete,Due Soon,No Issues,2023-03-12,At Risk
P1362,Complete,Complete,No Issues,2020-11-22,Non-Compliant
P1363,Complete,Due Soon,No Issues,24/02/2019,Compliant
P1364,Complete,Due Soon,Inspection Required,2025-06-24,At Risk
P1365,Complete,Complete,No Issues,2021-04-01,Non-Compliant
P1366,Complete,Due Soon,No Issues,06/02/2024,Compliant
P1367,Complete,Complete,Inspection Required,2020-11-09,At Risk
P1368,Due Soon,Due Soon,No Issues,2023-11-23,Compliant
P1369,Overdue,Complete,No Issues,27/04/2020,Non-Compliant
P1370,Overdue,Complete,Follow-up Required,2024-05-07,Compliant
P1371,Complete,Complete,Inspection Required,2024-06-14,Compliant
P1372,Complete,Complete,Inspection Required,2022-01-20,Compliant
P1373,Due Soon,Due Soon,No Issues,2019-09-18,At Risk
P1374,Complete,Complete,No Issues,2025-12-28,At Risk
P1375,Due Soon,Complete,Inspection Required,2024-02-08,Compliant
P1376,Complete,Complete,No Issues,2025-02-17,Non-Compliant
P1377,Complete,Overdue,Follow-up Required,,Compliant
P1378,Complete,Overdue,No Issues,03/11/2025,At Risk
P1379,Complete,Complete,No Issues,2024-05-03,Non-Compliant
P1380,Complete,Complete,Follow-up Required,2022-05-25,Compliant
P1381,Complete,Due Soon,Inspection Required,2021-02-17,Non-Compliant
P1382,Complete,Overdue,Follow-up Required,2023-01-26,Compliant
P1383,Complete,Complete,Inspection Required,2020-07-07,Compliant
P1384,Complete,Complete,No Issues,2020-04-11,Compliant
P1385,Complete,Complete,No Issues,2021-07-10,Compliant
P1386,Complete,Complete,No Issues,2023-08-23,Compliant
P1387,Complete,Complete,Inspection Required,26/06/2024,Compliant
P1388,Due Soon,Complete,Follow-up Required,2020-12-14,Compliant
P1389,Complete,Due Soon,Inspection Required,2020-03-07,Compliant
P1390,Complete,Due Soon,Follow-up Required,2025-05-02,Compliant
P1391,Complete,Complete,No Issues,13/05/2019,At Risk
P1392,Due Soon,Complete,No Issues,2025-11-03,Non-Compliant
P1393,Complete,Complete,Follow-up Required,2019-01-11,Compliant
P1394,Due Soon,Complete,No Issues,2023-01-06,Non-Compliant
P1395,Complete,Overdue,Follow-up Required,2025-02-27,Compliant
P1396,Complete,Complete,Inspection Required,05/01/2022,At Risk
P1397,Overdue,Complete,No Issues,2019-10-21,Compliant
P1398,Overdue,Complete,No Issues,2022-05-20,Compliant
P1399,Complete,Complete,No Issues,22/03/2020,Compliant
P1400,Complete,Due Soon,No Issues,2025-04-18,Compliant
P1401,Due Soon,Complete,No Issues,24/03/2019,Compliant
P1402,Due Soon,Complete,No Issues,2024-09-05,Compliant
P1403,Complete,Complete,No Issues,,At Risk
P1404,Complete,Complete,Follow-up Required,2025-12-01,Compliant
P1405,Overdue,Due Soon,No Issues,2022-05-10,At Risk
P1406,Due Soon,Complete,No Issues,2019-04-28,Compliant
P1407,Due Soon,Complete,No Issues,2023-05-11,Non-Compliant
P1408,Complete,Complete,Follow-up Required,2023-05-26,Compliant
P1409,Complete,Complete,No Issues,2025-11-07,Compliant
P1410,Complete,Due Soon,No Issues,2020-08-12,Non-Compliant
P1411,Complete,Complete,No Issues,2023-02-20,Compliant
P1412,Due Soon,Overdue,No Issues,2020-09-25,At Risk
P1413,Complete,Due Soon,No Issues,07/05/2024,Compliant
P1414,Complete,Complete,No Issues,09/11/2025,At Risk
P1415,Complete,Complete,Inspection Required,2022-10-04,At Risk
P1416,Complete,Complete,No Issues,2021-01-02,Non-Compliant
P1417,Complete,Complete,No Issues,2021-10-12,Compliant
P1418,Overdue,Complete,No Issues,2022-05-21,Compliant
P1419,Complete,Due Soon,No Issues,2021-06-11,At Risk
P1420,Complete,Complete,No Issues,2020-09-01,At Risk
P1421,Complete,Complete,No Issues,2020-02-20,Compliant
P1422,Overdue,Complete,Follow-up Required,,At Risk
P1423,Overdue,Complete,No Issues,2023-11-10,At Risk
P1424,Due Soon,Complete,No Issues,2019-10-22,At Risk
P1425,Due Soon,Complete,No Issues,26/09/2019,At Risk
P1426,Complete,Complete,Inspection Required,2021-03-16,Compliant
P1427,Complete,Due Soon,Follow-up Required,02/09/2022,Non-Compliant
P1428,Complete,Complete,No Issues,2019-09-13,Non-Compliant
P1429,Complete,Complete,No Issues,2020-06-06,Compliant
P1430,Complete,Complete,No Issues,2025-10-28,Compliant
P1431,Due Soon,Due Soon,Inspection Required,27/12/2025,At Risk
P1432,Complete,Overdue,No Issues,03/03/2025,Non-Compliant
P1433,Complete,Complete,No Issues,20/05/2020,At Risk
P1434,Complete,Complete,Follow-up Required,02/04/2022,Non-Compliant
P1435,Complete,Complete,Follow-up Required,14/01/2024,Compliant
P1436,Complete,Due Soon,No Issues,2022-02-22,Compliant
P1437,Complete,Complete,Follow-up Required,19/02/2025,Compliant
P1438,Complete,Complete,Inspection Required,2020-07-27,Compliant
P1439,Due Soon,Complete,Inspection Required,2019-05-20,Compliant
P1440,Complete,Overdue,No Issues,2023-05-28,Compliant
P1441,Due Soon,Complete,Follow-up Required,2025-03-19,Compliant
P1442,Due Soon,Complete,Follow-up Required,2021-05-25,Compliant
P1443,Overdue,Complete,Inspection Required,2025-04-18,Compliant
P1444,Complete,Due Soon,No Issues,2020-05-22,At Risk
P1445,Complete,Complete,No Issues,2020-05-08,Compliant
P1446,Due Soon,Due Soon,Follow-up Required,2025-09-14,Compliant
P1447,Complete,Complete,No Issues,11/03/2021,Compliant
P1448,Due Soon,Complete,No Issues,2025-09-06,Compliant
P1449,Complete,Complete,No Issues,2019-10-11,At Risk
P1450,Complete,Due Soon,No Issues,2025-08-28,At Risk
P1451,Complete,Complete,Follow-up Required,2021-03-28,At Risk
P1452,Complete,Complete,Inspection Required,25/11/2021,Compliant
P1453,Complete,Complete,No Issues,15/07/2025,Non-Compliant
P1454,Complete,Complete,No Issues,2021-02-10,Non-Compliant
P1455,Due Soon,Due Soon,No Issues,2020-11-09,At Risk
P1456,Complete,Complete,No Issues,2022-04-05,Compliant
P1457,Complete,Complete,No Issues,2021-08-03,At Risk
P1458,Complete,Overdue,Inspection Required,2023-11-05,Compliant
P1459,Due Soon,Due Soon,Follow-up Required,02/11/2022,At Risk
P1460,Complete,Complete,No Issues,2025-10-03,Non-Compliant
P1461,Due Soon,Complete,No Issues,,Compliant
P1462,Complete,Complete,Inspection Required,2025-04-02,Non-Compliant
P1463,Complete,Complete,No Issues,2019-05-04,Compliant
P1464,Complete,Complete,Inspection Required,07/06/2020,Compliant
P1465,Complete,Complete,Inspection Required,2023-06-06,Compliant
P1466,Complete,Complete,Inspection Required,2019-09-26,At Risk
P1467,Complete,Complete,Inspection Required,06/07/2024,At Risk
P1468,Complete,Complete,Inspection Required,2020-07-04,Non-Compliant
P1469,Complete,Overdue,Follow-up Required,2025-11-03,At Risk
P1470,Complete,Due Soon,Follow-up Required,11/06/2019,Compliant
P1471,Complete,Complete,Inspection Required,16/02/2019,Compliant
P1472,Complete,Complete,Follow-up Required,2022-09-21,At Risk
P1473,Due Soon,Complete,No Issues,2025-09-14,Non-Compliant
P1474,Complete,Due Soon,No Issues,2023-03-09,Compliant
P1475,Due Soon,Overdue,No Issues,2019-01-14,Compliant
P1476,Complete,Complete,Inspection Required,2021-10-15,Non-Compliant
P1477,Complete,Due Soon,No Issues,13/09/2024,Compliant
P1478,Complete,Overdue,No Issues,23/05/2023,Compliant
P1479,Overdue,Complete,No Issues,2020-07-15,Compliant
P1480,Complete,Complete,No Issues,2023-01-14,Compliant
P1481,Complete,Complete,No Issues,2019-11-11,Compliant
P1482,Complete,Complete,No Issues,2020-01-14,At Risk
P1483,Overdue,Complete,Inspection Required,2022-01-19,Compliant
P1484,Overdue,Complete,Inspection Required,2021-03-20,Compliant
P1485,Due Soon,Complete,No Issues,2021-03-07,At Risk
P1486,Complete,Complete,Follow-up Required,2022-05-19,Compliant
P1487,Complete,Complete,No Issues,2023-01-15,At Risk
P1488,Complete,Complete,Inspection Required,2022-08-13,Compliant
P1489,Complete,Complete,No Issues,2022-10-04,Compliant
P1490,Due Soon,Complete,Inspection Required,2020-03-04,Compliant
P1491,Complete,Complete,Inspection Required,2023-11-12,Compliant
P1492,Complete,Complete,No Issues,2019-05-04,Compliant
P1493,Complete,Complete,No Issues,2025-05-24,At Risk
P1494,Overdue,Due Soon,No Issues,2024-02-22,Compliant
P1495,Complete,Complete,No Issues,2022-02-16,Compliant
P1496,Due Soon,Due Soon,No Issues,2023-09-27,At Risk
P1497,Complete,Due Soon,No Issues,2024-09-23,At Risk
P1498,Overdue,Complete,No Issues,2024-05-01,At Risk
P1499,Complete,Complete,No Issues,2025-06-26,Compliant
P1500,Complete,Complete,Inspection Required,19/10/2022,Compliant
