Property_ID,Region,Borough,Property_Type,Bedrooms,Build_Year,Energy_Rating,Tenure_Type,Active_Status
P0001,Birmingham,Birmingham,House,3,1954,,Social Rent,Active
P0002,London,Greenwich,House,4,1987,,Affordable Rent,Active
P0003,London,Greenwich,Flat,2,1953,G,Affordable Rent,Active
P0004,Manchester,Stockport,Flat,1,1999,E,Social Rent,Active
P0005,London,Greenwich,House,3,1991,C,Shared Ownership,Active
P0006,Birmingham,Birmingham,House,3,2008,C,Affordable Rent,Active
P0007,Birmingham,Birmingham,Bungalow,3,1962,G,Social Rent,Active
P0008,London,Lambeth,Flat,1,1957,F,Social Rent,Active
P0009,Liverpool,Wirral,House,4,1983,E,Social Rent,Active
P0010,Liverpool,Wirral,Flat,2,2017,C,Social Rent,Active
P0011,,Lambeth,House,3,2016,D,Affordable Rent,Active
P0012,London,Southwark,Flat,3,1996,D,Social Rent,Void
P0013,Liverpool,Liverpool,Flat,3,2015,D,Social Rent,Active
P0014,Liverpool,Liverpool,Flat,3,2017,C,Social Rent,Active
P0015,London,Croydon,Flat,1,1990,C,Social Rent,Active
P0016,London,Lewisham,House,2,1957,D,Social Rent,Active
P0017,Birmingham,Solihull,Flat,1,1991,F,Affordable Rent,Active
P0018,London,Lambeth,Flat,3,1986,C,Social Rent,Active
P0019,London,Southwark,House,3,2000,D,Social Rent,Active
P0020,London,Newham,Bungalow,1,2008,C,Affordable Rent,Active
P0021,Birmingham,Sandwell,House,2,1986,D,Social Rent,Active
P0022,Manchester,Salford,Flat,2,1985,E,Social Rent,Active
P0023,London,Croydon,Flat,1,1998,F,Affordable Rent,Active
P0024,London,Lambeth,House,3,1982,F,Social Rent,Active
P0025,London,Hackney,House,4,1989,D,Shared Ownership,Active
P0026,Manchester,Trafford,Bungalow,1,1978,D,Social Rent,Active
P0027,Birmingham,Birmingham,House,4,2008,D,Social Rent,Active
P0028,London,,Flat,3,2017,C,Shared Ownership,Active
P0029,London,Lewisham,House,3,1954,E,Shared Ownership,Active
P0030,London,Lambeth,Flat,1,2013,C,Social Rent,Active
P0031,Birmingham,Birmingham,Bungalow,1,2013,D,Social Rent,Active
P0032,London,Southwark,Flat,2,1956,F,Social Rent,Active
P0033,London,Southwark,Flat,2,1996,F,Social Rent,Active
P0034,London,Croydon,Bungalow,2,1953,F,Shared Ownership,Active
P0035,Liverpool,Liverpool,Flat,2,1996,F,Social Rent,Active
P0036,Liverpool,Sefton,House,3,1953,E,Social Rent,Active
P0037,Manchester,Stockport,House,4,1998,F,Social Rent,Active
P0038,Birmingham,Solihull,House,3,2015,D,Affordable Rent,Active
P0039,Birmingham,Sandwell,House,4,1974,,Social Rent,Active
P0040,Liverpool,Liverpool,House,4,1986,C,Social Rent,Active
P0041,Birmingham,Birmingham,House,3,1975,E,Social Rent,Active
P0042,Birmingham,Sandwell,House,4,2019,D,Shared Ownership,Active
P0043,London,Southwark,Flat,1,1988,C,Affordable Rent,Active
P0044,London,Croydon,Flat,1,1962,E,Social Rent,Active
P0045,Manchester,Manchester,Bungalow,3,2000,B,Shared Ownership,Active
P0046,Manchester,Salford,House,3,1965,F,Social Rent,Active
P0047,London,Croydon,Flat,3,1968,E,Social Rent,Active
P0048,London,Newham,Flat,2,1962,,Social Rent,Void
P0049,London,Lambeth,Flat,3,1951,D,Social Rent,Active
P0050,Manchester,Salford,House,3,1985,E,Affordable Rent,Void
P0051,London,Lewisham,Bungalow,2,2012,B,Affordable Rent,Active
P0052,Birmingham,Solihull,Bungalow,2,1953,E,Social Rent,Active
P0053,Liverpool,Sefton,Flat,3,1994,E,Social Rent,Active
P0054,Manchester,Stockport,House,4,2010,D,Shared Ownership,Active
P0055,Manchester,Stockport,House,3,1960,F,Shared Ownership,Active
P0056,London,Lewisham,Flat,1,1993,C,Affordable Rent,Active
P0057,London,,Flat,2,1998,D,Affordable Rent,Active
P0058,Birmingham,Solihull,House,3,1973,F,Social Rent,Active
P0059,Manchester,Trafford,Bungalow,3,1959,D,Social Rent,Void
P0060,Manchester,Salford,House,4,1953,E,Shared Ownership,Active
P0061,Liverpool,Liverpool,Bungalow,2,1998,C,Shared Ownership,Active
P0062,London,Croydon,House,3,2007,B,Social Rent,Active
P0063,Manchester,Manchester,House,4,1974,F,Social Rent,Active
P0064,,Newham,House,3,2009,C,Affordable Rent,Void
P0065,Birmingham,Sandwell,House,4,1993,E,Affordable Rent,Active
P0066,London,Hackney,Flat,3,1979,F,Shared Ownership,Active
P0067,Manchester,Manchester,House,4,1973,D,Affordable Rent,Active
P0068,Liverpool,Wirral,Bungalow,2,1985,D,Shared Ownership,Active
P0069,Liverpool,Liverpool,House,3,1960,F,Shared Ownership,Active
P0070,Manchester,Stockport,Flat,1,2016,A,Social Rent,Active
P0071,Manchester,Stockport,House,4,1956,E,Social Rent,Active
P0072,Birmingham,Birmingham,House,3,1950,G,Social Rent,Active
P0073,Liverpool,Sefton,Bungalow,2,2013,D,Social Rent,Active
P0074,Liverpool,Wirral,House,2,1952,F,Social Rent,Active
P0075,Liverpool,Wirral,Bungalow,2,1994,D,Social Rent,Void
P0076,Liverpool,Wirral,Flat,2,1977,E,Social Rent,Void
P0077,Birmingham,Sandwell,Bungalow,2,2016,B,Affordable Rent,Active
P0078,Liverpool,Liverpool,House,3,1984,F,Affordable Rent,Active
P0079,Liverpool,Wirral,Bungalow,2,1960,D,Shared Ownership,Void
P0080,Birmingham,Solihull,Bungalow,3,1972,,Social Rent,Active
P0081,,Newham,Flat,2,1968,F,Affordable Rent,Active
P0082,Manchester,Salford,House,3,2014,C,Social Rent,Active
P0083,Manchester,Stockport,House,3,2012,B,Social Rent,Active
P0084,Birmingham,Birmingham,Bungalow,2,2018,C,Shared Ownership,Active
P0085,Liverpool,Sefton,House,3,1991,E,Affordable Rent,Active
P0086,Liverpool,Wirral,Flat,2,1951,E,Shared Ownership,Active
P0087,,Salford,Flat,2,2016,D,Affordable Rent,Active
P0088,Liverpool,Wirral,Bungalow,3,2004,B,Affordable Rent,Active
P0089,Liverpool,Wirral,House,4,1950,E,Social Rent,Active
P0090,Birmingham,Solihull,Flat,1,1950,F,Affordable Rent,Active
P0091,Birmingham,Sandwell,House,2,1951,E,Social Rent,Active
P0092,Liverpool,Wirral,Bungalow,2,1984,F,Shared Ownership,Active
P0093,Birmingham,Birmingham,House,4,2003,B,Affordable Rent,Active
P0094,London,Lewisham,Bungalow,3,1986,F,Social Rent,Void
P0095,Birmingham,Birmingham,Flat,2,2006,B,Affordable Rent,Active
P0096,London,Greenwich,Bungalow,2,1985,,Affordable Rent,Active
P0097,London,Greenwich,Flat,1,2003,C,Social Rent,Active
P0098,Manchester,,House,4,1996,F,Social Rent,Active
P0099,Birmingham,Solihull,House,3,1982,C,Affordable Rent,Active
P0100,London,Croydon,Flat,2,2003,B,Shared Ownership,Active
P0101,Liverpool,Sefton,House,3,1994,C,Affordable Rent,Active
P0102,London,Newham,Flat,3,2003,B,Social Rent,Void
P0103,Manchester,Manchester,House,4,2001,C,Social Rent,Active
P0104,Birmingham,Birmingham,Bungalow,2,2003,C,Affordable Rent,Void
P0105,Liverpool,Wirral,House,3,1969,F,Social Rent,Active
P0106,,Wirral,House,2,2002,B,Social Rent,Active
P0107,Birmingham,Sandwell,House,4,1954,D,Social Rent,Active
P0108,Manchester,Salford,House,2,1983,D,Social Rent,Active
P0109,Liverpool,Liverpool,Flat,2,1956,D,Social Rent,Active
P0110,Manchester,Salford,House,4,1991,E,Social Rent,Active
P0111,London,Newham,Flat,2,1989,F,Shared Ownership,Active
P0112,Birmingham,Solihull,Flat,3,1993,C,Affordable Rent,Active
P0113,Birmingham,Birmingham,House,2,1986,F,Social Rent,Active
P0114,London,Greenwich,House,4,2005,C,Social Rent,Active
P0115,Birmingham,Sandwell,House,4,1990,D,Affordable Rent,Active
P0116,London,Lewisham,Flat,2,1951,G,Affordable Rent,Active
P0117,Manchester,Manchester,House,4,1986,D,Social Rent,Active
P0118,Liverpool,Wirral,Flat,2,2014,C,Social Rent,Void
P0119,London,Southwark,Flat,2,1975,F,Social Rent,Active
P0120,Liverpool,Wirral,Bungalow,2,1968,F,Social Rent,Active
P0121,London,Croydon,Flat,2,1976,F,Social Rent,Active
P0122,Liverpool,,Bungalow,2,1957,G,Affordable Rent,Active
P0123,Liverpool,Liverpool,House,4,1984,C,Affordable Rent,Active
P0124,London,Newham,Flat,2,1987,E,Social Rent,Active
P0125,Liverpool,Sefton,Bungalow,1,1998,C,Social Rent,Void
P0126,Liverpool,Wirral,Flat,1,1995,C,Shared Ownership,Active
P0127,Birmingham,Solihull,House,3,2002,B,Social Rent,Active
P0128,London,Croydon,Flat,2,1952,G,Affordable Rent,Active
P0129,London,Hackney,Bungalow,2,1984,C,Social Rent,Active
P0130,Manchester,Stockport,Flat,1,1959,F,Social Rent,Active
P0131,Manchester,Manchester,House,3,1984,E,Social Rent,Active
P0132,London,Hackney,Flat,2,1966,G,Social Rent,Active
P0133,Birmingham,Solihull,House,3,2018,B,Social Rent,Active
P0134,London,Southwark,House,4,1965,F,Social Rent,Active
P0135,London,Lewisham,Flat,2,1962,F,Social Rent,Active
P0136,Liverpool,,Flat,2,2014,B,Social Rent,Active
P0137,Liverpool,Wirral,Flat,1,1982,F,Social Rent,Active
P0138,Birmingham,Solihull,House,4,1994,E,Affordable Rent,Active
P0139,Birmingham,Birmingham,Flat,2,2005,B,Affordable Rent,Active
P0140,London,Southwark,House,3,1968,E,Social Rent,Active
P0141,London,Hackney,Flat,2,2000,C,Social Rent,Active
P0142,London,Newham,Flat,2,1972,G,Shared Ownership,Active
P0143,London,Lambeth,Bungalow,3,1991,C,Social Rent,Active
P0144,Birmingham,Birmingham,House,3,1953,E,Social Rent,Active
P0145,Liverpool,Liverpool,House,2,1992,E,Social Rent,Void
P0146,Birmingham,Solihull,House,3,1997,E,Social Rent,Active
P0147,Liverpool,Wirral,Flat,1,2011,C,Social Rent,Active
P0148,Liverpool,Sefton,Flat,2,1982,D,Social Rent,Active
P0149,Liverpool,Sefton,Bungalow,2,1976,F,Affordable Rent,Active
P0150,Manchester,Manchester,House,3,1959,G,Social Rent,Active
P0151,London,Newham,Flat,1,2010,B,Social Rent,Active
P0152,Birmingham,Sandwell,House,3,1983,C,Shared Ownership,Active
P0153,Manchester,Salford,Bungalow,3,2006,C,Social Rent,Active
P0154,London,Newham,Flat,3,1956,E,Affordable Rent,Active
P0155,London,Lewisham,House,3,2011,B,Social Rent,Active
P0156,Manchester,Manchester,House,3,1988,C,Social Rent,Active
P0157,London,Hackney,House,2,1966,D,Affordable Rent,Active
P0158,London,Croydon,Flat,3,2012,C,Social Rent,Active
P0159,Manchester,Trafford,House,2,1983,E,Affordable Rent,Active
P0160,Manchester,Salford,House,3,2020,C,Affordable Rent,Active
P0161,Manchester,Manchester,Flat,2,1984,D,Shared Ownership,Active
P0162,,Birmingham,House,3,1990,D,Shared Ownership,Active
P0163,London,Southwark,House,3,1988,F,Social Rent,Void
P0164,Liverpool,Sefton,House,3,1965,G,Social Rent,Active
P0165,Birmingham,Solihull,Bungalow,2,1961,G,Shared Ownership,Active
P0166,Birmingham,Birmingham,Flat,2,1979,F,Social Rent,Active
P0167,Manchester,Salford,Flat,2,1995,C,Shared Ownership,Active
P0168,Birmingham,Solihull,House,2,1990,F,Social Rent,Active
P0169,Birmingham,Birmingham,Bungalow,1,2001,B,Shared Ownership,Void
P0170,Liverpool,Liverpool,Flat,2,1990,E,Shared Ownership,Active
P0171,Manchester,Trafford,Flat,1,1955,D,Affordable Rent,Active
P0172,Birmingham,Birmingham,House,3,1962,E,Shared Ownership,Active
P0173,Liverpool,Liverpool,Flat,1,1974,,Affordable Rent,Active
P0174,London,Lewisham,Flat,1,1996,E,Social Rent,Active
P0175,Liverpool,Sefton,Flat,2,2013,D,Affordable Rent,Active
P0176,Birmingham,Sandwell,House,4,1996,D,Social Rent,Active
P0177,Liverpool,Liverpool,House,2,1960,E,Social Rent,Active
P0178,Liverpool,Sefton,Flat,2,1981,F,Social Rent,Active
P0179,Birmingham,Sandwell,Flat,2,2017,D,Shared Ownership,Active
P0180,Manchester,Salford,House,4,2011,B,Shared Ownership,Active
P0181,Birmingham,Sandwell,Bungalow,1,1977,F,Affordable Rent,Active
P0182,London,Lewisham,Bungalow,2,1997,F,Social Rent,Active
P0183,Liverpool,Wirral,House,2,2019,,Social Rent,Active
P0184,London,Croydon,House,4,1981,D,Affordable Rent,Active
P0185,Liverpool,Liverpool,Bungalow,3,2019,D,Shared Ownership,Void
P0186,Manchester,Stockport,House,2,1985,D,Social Rent,Active
P0187,London,Croydon,Flat,2,1954,F,Social Rent,Active
P0188,London,Newham,Bungalow,2,1963,E,Affordable Rent,Void
P0189,Liverpool,Liverpool,House,4,1988,E,Social Rent,Active
P0190,,Sandwell,Flat,1,2009,A,Shared Ownership,Active
P0191,Liverpool,Sefton,Bungalow,2,2012,C,Social Rent,Active
P0192,London,Hackney,Flat,3,2015,B,Social Rent,Active
P0193,Liverpool,Wirral,Flat,1,2018,B,Social Rent,Active
P0194,London,Croydon,House,3,2020,C,Social Rent,Active
P0195,Manchester,Salford,Bungalow,2,1970,G,Affordable Rent,Active
P0196,Manchester,Salford,Flat,1,1996,E,Affordable Rent,Active
P0197,Manchester,Manchester,House,3,1996,C,Affordable Rent,Active
P0198,Liverpool,Liverpool,Flat,1,1987,C,Affordable Rent,Active
P0199,Liverpool,Sefton,House,4,1989,F,Social Rent,Active
P0200,Manchester,Manchester,House,4,1995,D,Shared Ownership,Active
P0201,Liverpool,Liverpool,Flat,3,1978,G,Social Rent,Active
P0202,Birmingham,Birmingham,Bungalow,2,2004,C,Social Rent,Active
P0203,London,Southwark,House,3,2012,B,Affordable Rent,Active
P0204,Liverpool,Liverpool,Flat,1,2019,D,Affordable Rent,Active
P0205,London,Newham,Flat,2,1993,E,Affordable Rent,Active
P0206,Birmingham,Birmingham,Flat,2,1975,,Social Rent,Active
P0207,,Greenwich,Flat,2,1997,C,Social Rent,Active
P0208,London,Newham,Flat,2,2017,D,Social Rent,Active
P0209,London,Hackney,Flat,1,1993,D,Social Rent,Active
P0210,Birmingham,Sandwell,House,3,2000,B,Affordable Rent,Active
P0211,London,Southwark,House,3,1969,G,Social Rent,Void
P0212,Liverpool,Sefton,House,3,1987,F,Social Rent,Active
P0213,Manchester,Salford,House,3,1994,C,Affordable Rent,Active
P0214,Manchester,Stockport,Flat,2,2013,A,Social Rent,Active
P0215,Manchester,Stockport,House,4,1997,C,Affordable Rent,Active
P0216,Birmingham,Birmingham,House,3,2010,,Social Rent,Active
P0217,Manchester,Salford,House,3,1974,G,Social Rent,Void
P0218,London,Southwark,Bungalow,1,2014,C,Social Rent,Active
P0219,Manchester,,House,4,1980,E,Shared Ownership,Active
P0220,London,Greenwich,Flat,2,1987,C,Social Rent,Active
P0221,Liverpool,Sefton,House,3,1972,F,Social Rent,Active
P0222,Manchester,Trafford,House,3,2016,B,Social Rent,Active
P0223,London,Newham,House,4,1989,E,Social Rent,Active
P0224,London,Greenwich,Flat,2,1998,D,Shared Ownership,Void
P0225,London,Greenwich,Flat,1,1960,,Social Rent,Active
P0226,Liverpool,Wirral,House,3,1993,,Affordable Rent,Active
P0227,London,Croydon,Flat,2,1995,D,Social Rent,Void
P0228,Manchester,Manchester,House,3,2003,C,Shared Ownership,Active
P0229,London,Southwark,House,3,2006,C,Affordable Rent,Active
P0230,London,Greenwich,House,4,1981,C,Social Rent,Active
P0231,London,Hackney,Bungalow,2,2004,C,Shared Ownership,Active
P0232,London,Southwark,Flat,1,1987,D,Social Rent,Active
P0233,Birmingham,Birmingham,House,4,2014,,Affordable Rent,Active
P0234,Birmingham,Solihull,House,3,1982,F,Social Rent,Active
P0235,London,Croydon,Flat,2,1965,F,Social Rent,Void
P0236,London,Newham,Flat,3,1956,G,Social Rent,Active
P0237,London,Lambeth,Bungalow,1,1989,C,Social Rent,Active
P0238,Manchester,Stockport,Flat,2,1983,D,Social Rent,Active
P0239,London,Hackney,House,2,2020,B,Social Rent,Active
P0240,Manchester,Salford,House,2,2014,A,Affordable Rent,Active
P0241,London,Newham,Flat,1,1982,E,Affordable Rent,Active
P0242,Liverpool,Wirral,Bungalow,2,2006,B,Shared Ownership,Void
P0243,Manchester,Manchester,Flat,2,2000,D,Shared Ownership,Active
P0244,London,Lambeth,Flat,2,1982,C,Shared Ownership,Void
P0245,London,Hackney,House,3,1963,F,Social Rent,Active
P0246,Manchester,Salford,Bungalow,1,1992,F,Social Rent,Active
P0247,Birmingham,Birmingham,Flat,1,1983,C,Affordable Rent,Active
P0248,London,,House,2,2016,C,Social Rent,Active
P0249,London,Lewisham,House,2,1993,C,Affordable Rent,Active
P0250,Manchester,Manchester,House,3,2008,D,Social Rent,Active
P0251,London,Southwark,House,3,2012,B,Social Rent,Active
P0252,Birmingham,Sandwell,House,3,2008,C,Affordable Rent,Active
P0253,London,Croydon,Bungalow,3,2009,B,Social Rent,Active
P0254,London,Southwark,Flat,2,2018,D,Affordable Rent,Active
P0255,Birmingham,Birmingham,Flat,2,1997,,Social Rent,Active
P0256,London,Lambeth,House,2,1987,C,Affordable Rent,Active
P0257,,Wirral,House,4,1964,D,Social Rent,Active
P0258,Manchester,Salford,Flat,1,1960,E,Social Rent,Active
P0259,Manchester,Salford,Flat,2,1993,F,Social Rent,Active
P0260,London,Greenwich,House,3,1972,G,Affordable Rent,Void
P0261,London,Lewisham,House,3,2012,C,Social Rent,Active
P0262,Birmingham,Birmingham,Flat,3,2006,B,Affordable Rent,Active
P0263,London,Southwark,Flat,3,1956,G,Social Rent,Void
P0264,London,Croydon,Flat,2,1980,C,Social Rent,Active
P0265,Liverpool,Liverpool,House,3,1989,D,Social Rent,Active
P0266,London,Southwark,Flat,2,2000,C,Social Rent,Active
P0267,Liverpool,Wirral,House,3,1950,G,Social Rent,Void
P0268,Manchester,Salford,Bungalow,1,1987,E,Affordable Rent,Void
P0269,Manchester,Stockport,House,4,1977,E,Social Rent,Active
P0270,Birmingham,Solihull,Bungalow,2,1986,,Social Rent,Active
P0271,London,Newham,Flat,3,2010,D,Social Rent,Active
P0272,Manchester,Salford,House,4,1991,F,Social Rent,Active
P0273,London,Greenwich,House,3,1970,F,Shared Ownership,Active
P0274,London,Lambeth,Flat,1,1959,D,Social Rent,Active
P0275,,Sandwell,Flat,2,1999,C,Social Rent,Active
P0276,London,Hackney,Flat,3,1952,E,Social Rent,Active
P0277,Birmingham,Birmingham,House,4,2015,B,Affordable Rent,Active
P0278,Manchester,Salford,Flat,1,1977,E,Social Rent,Active
P0279,London,Lewisham,Flat,3,2019,D,Social Rent,Active
P0280,Birmingham,Solihull,Flat,1,1986,E,Social Rent,Active
P0281,London,Lewisham,Flat,2,1984,D,Affordable Rent,Active
P0282,,Lewisham,Flat,2,1952,E,Affordable Rent,Active
P0283,Manchester,Salford,House,3,1955,E,Social Rent,Active
P0284,Birmingham,Sandwell,Flat,2,2013,C,Affordable Rent,Active
P0285,Manchester,Stockport,House,3,2012,C,Shared Ownership,Active
P0286,Birmingham,Sandwell,Flat,3,2005,D,Social Rent,Void
P0287,Manchester,Salford,Bungalow,2,1982,D,Social Rent,Active
P0288,Liverpool,Wirral,House,3,1963,F,Shared Ownership,Active
P0289,London,Southwark,Flat,1,1967,F,Social Rent,Active
P0290,Manchester,Stockport,Flat,3,2001,D,Social Rent,Active
P0291,London,Hackney,House,4,1971,G,Affordable Rent,Active
P0292,Manchester,Manchester,Flat,1,2015,D,Social Rent,Active
P0293,London,Croydon,Flat,2,1966,G,Social Rent,Active
P0294,London,Hackney,House,3,1994,F,Social Rent,Active
P0295,Manchester,Stockport,House,3,1955,E,Social Rent,Void
P0296,Liverpool,Wirral,Flat,1,1970,F,Social Rent,Void
P0297,Birmingham,Sandwell,Bungalow,2,1969,G,Social Rent,Active
P0298,London,Croydon,House,3,2016,D,Social Rent,Active
P0299,London,Lambeth,Flat,1,1958,F,Social Rent,Active
P0300,Birmingham,Birmingham,Bungalow,3,1992,E,Shared Ownership,Active
P0301,Manchester,Stockport,House,3,2010,B,Affordable Rent,Void
P0302,Birmingham,Sandwell,House,2,1971,E,Affordable Rent,Active
P0303,Liverpool,Wirral,Bungalow,2,2007,B,Social Rent,Active
P0304,London,Southwark,Flat,1,2018,A,Social Rent,Active
P0305,London,Hackney,Flat,3,1954,G,Shared Ownership,Active
P0306,Liverpool,Liverpool,House,3,1985,C,Affordable Rent,Active
P0307,Birmingham,Solihull,House,4,1999,D,Social Rent,Active
P0308,London,Hackney,Bungalow,3,1974,D,Social Rent,Active
P0309,London,,Flat,2,1955,E,Social Rent,Active
P0310,Liverpool,Liverpool,House,4,2005,D,Social Rent,Active
P0311,London,Lambeth,Flat,2,2020,B,Affordable Rent,Active
P0312,Manchester,Manchester,House,3,1981,D,Social Rent,Active
P0313,Birmingham,Sandwell,Flat,2,1996,E,Shared Ownership,Active
P0314,Birmingham,Solihull,Flat,1,2006,D,Social Rent,Active
P0315,London,Croydon,Flat,1,1979,D,Social Rent,Active
P0316,Manchester,Manchester,House,2,1983,D,Social Rent,Active
P0317,Liverpool,Liverpool,Bungalow,2,2013,A,Social Rent,Active
P0318,Birmingham,Birmingham,House,4,1988,D,Social Rent,Active
P0319,Liverpool,Wirral,Bungalow,3,1970,F,Affordable Rent,Active
P0320,Liverpool,Sefton,Bungalow,2,2012,C,Shared Ownership,Active
P0321,Liverpool,Sefton,Bungalow,1,1963,,Shared Ownership,Active
P0322,Birmingham,Sandwell,House,4,1990,E,Affordable Rent,Active
P0323,London,Lambeth,House,2,1976,F,Affordable Rent,Active
P0324,Liverpool,Liverpool,House,3,1988,D,Affordable Rent,Active
P0325,Manchester,Stockport,Flat,2,2015,A,Social Rent,Active
P0326,,Wirral,Bungalow,2,1978,F,Social Rent,Active
P0327,London,Newham,Flat,2,2011,B,Social Rent,Active
P0328,Liverpool,Sefton,House,3,1981,F,Social Rent,Active
P0329,London,Lewisham,Bungalow,2,1964,E,Affordable Rent,Active
P0330,Birmingham,Solihull,House,3,1966,F,Social Rent,Active
P0331,Liverpool,Liverpool,House,2,1984,E,Social Rent,Active
P0332,Liverpool,Wirral,House,3,2014,B,Shared Ownership,Active
P0333,Liverpool,Wirral,Bungalow,3,1979,E,Affordable Rent,Void
P0334,London,Lambeth,House,4,1966,D,Social Rent,Active
P0335,Birmingham,Solihull,House,4,2013,,Social Rent,Active
P0336,London,Southwark,House,4,2004,C,Affordable Rent,Active
P0337,Liverpool,Liverpool,House,3,1987,C,Affordable Rent,Active
P0338,Birmingham,Solihull,House,4,1971,F,Shared Ownership,Active
P0339,Manchester,Salford,Bungalow,3,1991,E,Shared Ownership,Active
P0340,London,Lambeth,Flat,3,1996,D,Social Rent,Active
P0341,London,Hackney,Flat,3,1984,E,Affordable Rent,Active
P0342,Birmingham,Sandwell,House,4,2007,C,Social Rent,Active
P0343,Manchester,Trafford,Flat,1,1960,G,Social Rent,Active
P0344,Birmingham,Sandwell,Flat,2,1987,E,Affordable Rent,Active
P0345,Liverpool,Liverpool,House,3,2016,B,Social Rent,Active
P0346,Liverpool,Liverpool,House,2,1985,E,Affordable Rent,Active
P0347,Birmingham,Birmingham,Flat,3,2020,A,Social Rent,Active
P0348,London,Lewisham,Flat,2,2018,D,Social Rent,Active
P0349,London,Newham,House,3,2002,C,Social Rent,Void
P0350,London,Southwark,House,3,1994,E,Social Rent,Active
P0351,London,Southwark,House,3,1984,F,Affordable Rent,Active
P0352,Liverpool,Wirral,Bungalow,1,1980,D,Social Rent,Active
P0353,Liverpool,Sefton,Flat,3,1977,E,Social Rent,Active
P0354,Birmingham,Birmingham,Bungalow,3,1994,C,Social Rent,Active
P0355,Manchester,Trafford,House,3,1983,F,Social Rent,Active
P0356,London,Croydon,Flat,2,1975,E,Affordable Rent,Active
P0357,London,Hackney,Flat,2,1995,E,Social Rent,Active
P0358,London,Hackney,House,2,2008,C,Shared Ownership,Active
P0359,Birmingham,Sandwell,House,4,1956,G,Affordable Rent,Active
P0360,London,Southwark,Flat,3,1994,D,Affordable Rent,Active
P0361,Liverpool,Wirral,House,4,1954,G,Shared Ownership,Active
P0362,Manchester,Trafford,Flat,2,1982,C,Shared Ownership,Active
P0363,Manchester,Stockport,Bungalow,1,2003,C,Affordable Rent,Active
P0364,Manchester,Salford,House,3,1968,G,Social Rent,Active
P0365,London,Southwark,Flat,2,1966,D,Social Rent,Active
P0366,London,Lambeth,House,3,1990,D,Social Rent,Active
P0367,London,Lewisham,Flat,2,2001,B,Shared Ownership,Active
P0368,Manchester,Manchester,Bungalow,3,1976,F,Social Rent,Active
P0369,Manchester,Salford,House,4,1955,F,Social Rent,Active
P0370,London,Newham,Flat,1,2013,C,Shared Ownership,Active
P0371,Liverpool,Wirral,House,2,1984,C,Affordable Rent,Active
P0372,Manchester,Manchester,House,3,1995,F,Affordable Rent,Active
P0373,Manchester,Trafford,House,3,1982,D,Social Rent,Active
P0374,London,Croydon,Flat,1,1986,C,Social Rent,Active
P0375,Manchester,Trafford,House,4,1986,D,Social Rent,Active
P0376,Liverpool,Wirral,House,4,2003,C,Social Rent,Active
P0377,Manchester,Trafford,Bungalow,2,1981,E,Affordable Rent,Active
P0378,Birmingham,Birmingham,Flat,1,2001,D,Affordable Rent,Active
P0379,Liverpool,Liverpool,Bungalow,3,1970,G,Social Rent,Active
P0380,Birmingham,Sandwell,House,3,1955,D,Shared Ownership,Active
P0381,London,Newham,Flat,1,1982,E,Social Rent,Active
P0382,Liverpool,Liverpool,House,2,1979,D,Social Rent,Active
P0383,London,Lewisham,House,4,1978,E,Social Rent,Active
P0384,London,Southwark,Flat,2,1968,D,Shared Ownership,Active
P0385,London,,Flat,2,1967,D,Affordable Rent,Active
P0386,,Sefton,House,3,2005,C,Social Rent,Active
P0387,Birmingham,Solihull,Flat,1,1957,D,Affordable Rent,Active
P0388,Birmingham,Sandwell,Bungalow,3,1999,F,Shared Ownership,Active
P0389,Liverpool,Wirral,Flat,1,1984,D,Social Rent,Active
P0390,Liverpool,Liverpool,House,2,1994,C,Social Rent,Active
P0391,Birmingham,Solihull,Flat,1,1958,D,Social Rent,Active
P0392,London,Newham,Flat,1,2007,C,Social Rent,Active
P0393,London,Southwark,Bungalow,1,1980,C,Affordable Rent,Active
P0394,London,Newham,Flat,2,1968,D,Social Rent,Active
P0395,,Lambeth,Flat,2,1967,E,Affordable Rent,Active
P0396,Manchester,Salford,Bungalow,2,2015,C,Affordable Rent,Active
P0397,Liverpool,Liverpool,House,4,1999,F,Social Rent,Active
P0398,Birmingham,Sandwell,Flat,2,2011,C,Social Rent,Active
P0399,London,Greenwich,House,4,1972,D,Shared Ownership,Active
P0400,London,,Flat,3,1953,F,Social Rent,Active
P0401,,Lambeth,Flat,2,1980,F,Social Rent,Void
P0402,Manchester,Trafford,House,2,1997,D,Shared Ownership,Active
P0403,Birmingham,Sandwell,House,3,1987,D,Social Rent,Active
P0404,Liverpool,Liverpool,House,3,1950,F,Social Rent,Active
P0405,Manchester,Salford,House,3,2005,C,Social Rent,Active
P0406,Birmingham,Sandwell,House,4,1988,D,Social Rent,Active
P0407,,Lewisham,House,3,1958,D,Social Rent,Active
P0408,,Hackney,Flat,2,1950,E,Social Rent,Active
P0409,Liverpool,Sefton,House,2,1952,E,Social Rent,Active
P0410,London,Newham,House,2,2012,C,Social Rent,Active
P0411,Birmingham,Sandwell,House,3,1962,F,Social Rent,Active
P0412,Manchester,Trafford,Flat,3,1977,,Affordable Rent,Active
P0413,London,Greenwich,Flat,1,1975,F,Social Rent,Active
P0414,,Southwark,House,2,2017,B,Shared Ownership,Active
P0415,Birmingham,Solihull,House,2,1962,D,Social Rent,Active
P0416,Manchester,Salford,House,3,2019,C,Social Rent,Active
P0417,London,Hackney,Flat,2,2005,C,Affordable Rent,Active
P0418,London,Croydon,House,2,1971,E,Social Rent,Active
P0419,Birmingham,Birmingham,Bungalow,1,1977,,Affordable Rent,Active
P0420,Manchester,Trafford,Flat,1,2000,B,Shared Ownership,Active
P0421,Liverpool,Liverpool,House,4,2011,A,Social Rent,Active
P0422,Liverpool,Liverpool,Bungalow,3,1983,C,Social Rent,Active
P0423,London,Lambeth,Flat,2,1998,E,Social Rent,Active
P0424,Manchester,Trafford,House,3,2011,C,Affordable Rent,Active
P0425,Birmingham,Sandwell,House,3,2012,D,Shared Ownership,Active
P0426,London,Lambeth,Flat,1,2004,B,Social Rent,Active
P0427,London,Southwark,Bungalow,3,1997,F,Social Rent,Active
P0428,London,Hackney,House,3,1989,D,Social Rent,Active
P0429,Manchester,Stockport,Bungalow,2,1983,C,Social Rent,Active
P0430,Liverpool,Sefton,House,4,2007,D,Affordable Rent,Active
P0431,London,Croydon,Flat,2,1990,C,Shared Ownership,Void
P0432,Birmingham,Sandwell,House,3,1959,D,Social Rent,Active
P0433,London,Croydon,Flat,2,1984,D,Social Rent,Active
P0434,Birmingham,Birmingham,Flat,1,1963,F,Social Rent,Active
P0435,Manchester,Manchester,House,2,1999,D,Social Rent,Active
P0436,London,Lambeth,House,2,2019,D,Social Rent,Active
P0437,London,Newham,Flat,2,1973,F,Social Rent,Active
P0438,London,Lambeth,House,3,1978,D,Affordable Rent,Active
P0439,Manchester,Manchester,Flat,2,1971,G,Social Rent,Active
P0440,Liverpool,Liverpool,Bungalow,2,1969,F,Shared Ownership,Active
P0441,London,Croydon,Flat,2,1973,E,Social Rent,Void
P0442,Manchester,Manchester,House,4,2017,B,Social Rent,Active
P0443,Birmingham,Sandwell,Bungalow,2,1970,D,Shared Ownership,Active
P0444,Manchester,Salford,House,3,1971,F,Social Rent,Void
P0445,Liverpool,Liverpool,House,3,1990,F,Social Rent,Active
P0446,Birmingham,Solihull,Bungalow,2,2014,D,Affordable Rent,Active
P0447,London,Greenwich,Flat,2,1999,E,Social Rent,Active
P0448,London,Southwark,Flat,2,1995,F,Social Rent,Active
P0449,London,Southwark,Bungalow,3,2006,A,Shared Ownership,Active
P0450,Manchester,Trafford,Bungalow,3,1992,F,Social Rent,Void
P0451,Manchester,Manchester,House,3,1981,D,Social Rent,Active
P0452,Birmingham,Birmingham,Flat,2,1989,D,Social Rent,Active
P0453,London,Southwark,House,2,2005,D,Social Rent,Active
P0454,Manchester,Salford,House,4,1978,E,Affordable Rent,Active
P0455,Birmingham,Birmingham,Flat,2,2016,C,Affordable Rent,Active
P0456,Manchester,Manchester,House,4,2005,B,Social Rent,Active
P0457,Birmingham,Solihull,Flat,1,1978,,Social Rent,Active
P0458,Liverpool,Wirral,Bungalow,2,1995,C,Social Rent,Active
P0459,Birmingham,Sandwell,Bungalow,2,1984,C,Affordable Rent,Active
P0460,London,Lewisham,Flat,2,1985,E,Affordable Rent,Active
P0461,Manchester,Trafford,Bungalow,1,2011,D,Affordable Rent,Active
P0462,Manchester,Manchester,House,3,1966,E,Social Rent,Void
P0463,Manchester,Manchester,House,3,1989,D,Shared Ownership,Active
P0464,London,Croydon,Flat,2,2005,B,Social Rent,Active
P0465,Manchester,Manchester,House,3,1969,E,Social Rent,Active
P0466,Birmingham,Solihull,House,3,2010,B,Social Rent,Active
P0467,Liverpool,Liverpool,Flat,3,2015,C,Affordable Rent,Active
P0468,Manchester,Trafford,House,4,1979,F,Social Rent,Active
P0469,Birmingham,Solihull,Flat,1,2010,C,Social Rent,Active
P0470,Manchester,Trafford,House,3,1951,G,Affordable Rent,Active
P0471,Manchester,Salford,Flat,2,1986,C,Social Rent,Active
P0472,Liverpool,Wirral,Bungalow,2,2003,D,Social Rent,Active
P0473,Manchester,Manchester,Flat,3,1971,G,Affordable Rent,Active
P0474,London,Southwark,Flat,3,1960,F,Affordable Rent,Active
P0475,London,Lewisham,Flat,2,1983,D,Shared Ownership,Active
P0476,Manchester,Salford,Flat,2,1960,D,Social Rent,Active
P0477,London,Newham,Flat,2,1994,D,Affordable Rent,Active
P0478,London,Southwark,House,3,1994,E,Social Rent,Active
P0479,London,Southwark,House,3,1992,E,Shared Ownership,Active
P0480,London,Newham,Flat,2,2009,C,Social Rent,Active
P0481,Birmingham,Solihull,House,2,1997,D,Social Rent,Void
P0482,London,Hackney,Flat,2,2018,C,Affordable Rent,Active
P0483,Liverpool,Wirral,Bungalow,1,1994,F,Shared Ownership,Active
P0484,London,Southwark,Flat,3,1995,C,Shared Ownership,Void
P0485,Birmingham,Birmingham,House,3,1997,D,Affordable Rent,Active
P0486,Manchester,Trafford,Bungalow,3,1991,E,Affordable Rent,Active
P0487,London,Croydon,Bungalow,1,2003,D,Affordable Rent,Active
P0488,London,Newham,Flat,2,1956,F,Social Rent,Active
P0489,London,Southwark,House,2,2004,C,Shared Ownership,Active
P0490,Birmingham,Solihull,Bungalow,3,1999,D,Affordable Rent,Active
P0491,London,Newham,House,3,1977,G,Social Rent,Active
P0492,Manchester,Trafford,Flat,2,2004,C,Affordable Rent,Active
P0493,Manchester,Manchester,Flat,2,1982,D,Shared Ownership,Active
P0494,London,Newham,Flat,2,1990,F,Social Rent,Active
P0495,Manchester,Trafford,House,3,1951,D,Affordable Rent,Active
P0496,London,Lewisham,Flat,1,1975,E,Social Rent,Active
P0497,London,Croydon,House,3,2008,B,Social Rent,Active
P0498,Liverpool,Liverpool,House,4,2013,B,Affordable Rent,Active
P0499,Birmingham,Solihull,Flat,1,1976,E,Affordable Rent,Active
P0500,Manchester,Stockport,House,3,2016,A,Social Rent,Active
P0501,Liverpool,Wirral,Bungalow,1,1991,E,Social Rent,Active
P0502,London,Croydon,Flat,2,2018,C,Shared Ownership,Active
P0503,London,Lewisham,House,2,1996,D,Social Rent,Active
P0504,Birmingham,Birmingham,Bungalow,2,1986,E,Shared Ownership,Active
P0505,Birmingham,Sandwell,House,4,1978,E,Affordable Rent,Void
P0506,London,Newham,House,3,1974,D,Social Rent,Active
P0507,London,Southwark,Flat,2,1986,E,Social Rent,Active
P0508,Birmingham,Birmingham,Bungalow,3,1953,F,Social Rent,Active
P0509,,Birmingham,Bungalow,2,2010,C,Shared Ownership,Active
P0510,Manchester,Manchester,House,2,1995,F,Affordable Rent,Active
P0511,Birmingham,Sandwell,Flat,2,2014,B,Social Rent,Void
P0512,Birmingham,Solihull,House,4,1970,F,Social Rent,Active
P0513,Birmingham,Sandwell,Flat,2,1975,F,Social Rent,Void
P0514,London,Lewisham,Flat,2,2006,C,Affordable Rent,Active
P0515,London,Croydon,Flat,1,1984,D,Social Rent,Active
P0516,London,Greenwich,House,4,1983,F,Affordable Rent,Active
P0517,Manchester,Salford,Flat,1,1960,F,Social Rent,Void
P0518,London,Lewisham,Flat,2,2004,B,Social Rent,Active
P0519,Manchester,Salford,Flat,3,1969,,Social Rent,Active
P0520,Birmingham,Solihull,House,4,1974,F,Social Rent,Void
P0521,Birmingham,Birmingham,House,4,2020,B,Social Rent,Active
P0522,Liverpool,Liverpool,House,4,1996,E,Social Rent,Active
P0523,London,Southwark,Bungalow,2,1955,E,Social Rent,Active
P0524,Liverpool,Sefton,Flat,2,1979,D,Social Rent,Active
P0525,Manchester,Trafford,House,4,2007,B,Affordable Rent,Active
P0526,London,Greenwich,Flat,2,1951,F,Social Rent,Active
P0527,London,Hackney,Bungalow,2,1954,D,Social Rent,Active
P0528,London,Hackney,House,4,1999,D,Social Rent,Active
P0529,Liverpool,Liverpool,House,4,2013,B,Social Rent,Active
P0530,Manchester,,Bungalow,3,2001,C,Social Rent,Active
P0531,Liverpool,Wirral,Bungalow,2,2017,C,Social Rent,Active
P0532,London,Lewisham,Flat,2,2018,A,Affordable Rent,Active
P0533,Manchester,Trafford,House,4,2012,,Social Rent,Active
P0534,Liverpool,Wirral,House,3,2019,C,Shared Ownership,Active
P0535,Liverpool,Liverpool,House,3,1951,F,Affordable Rent,Active
P0536,Liverpool,Liverpool,House,3,2006,C,Shared Ownership,Active
P0537,Manchester,Manchester,Flat,2,2016,C,Affordable Rent,Active
P0538,Manchester,Trafford,House,4,2006,C,Shared Ownership,Active
P0539,Liverpool,Liverpool,Flat,1,2004,C,Social Rent,Void
P0540,Manchester,Salford,House,3,1973,D,Affordable Rent,Active
P0541,London,Croydon,Flat,2,1995,D,Social Rent,Active
P0542,Liverpool,Sefton,Flat,1,2009,A,Social Rent,Active
P0543,Liverpool,Wirral,House,2,1955,D,Social Rent,Active
P0544,London,Croydon,House,3,1984,F,Social Rent,Active
P0545,Liverpool,Liverpool,Bungalow,3,2017,B,Social Rent,Active
P0546,Liverpool,Wirral,House,4,1994,E,Social Rent,Active
P0547,London,Newham,House,3,1961,F,Social Rent,Void
P0548,London,Lewisham,Flat,3,1982,D,Social Rent,Active
P0549,Birmingham,Solihull,Flat,3,1961,E,Social Rent,Active
P0550,London,Newham,House,3,2005,D,Shared Ownership,Active
P0551,Manchester,Manchester,Flat,2,1977,G,Social Rent,Active
P0552,Liverpool,Sefton,Flat,2,1968,E,Social Rent,Active
P0553,Liverpool,,House,4,1957,E,Affordable Rent,Active
P0554,Birmingham,,House,3,1972,E,Social Rent,Active
P0555,Manchester,Stockport,Bungalow,2,1983,D,Social Rent,Active
P0556,London,Lambeth,Flat,1,1991,F,Social Rent,Active
P0557,London,Greenwich,House,2,1999,F,Affordable Rent,Active
P0558,Birmingham,Sandwell,House,3,1961,E,Social Rent,Void
P0559,London,Greenwich,Flat,1,1997,F,Affordable Rent,Active
P0560,Liverpool,Sefton,House,2,1984,D,Affordable Rent,Active
P0561,Manchester,Trafford,Flat,2,1973,F,Social Rent,Active
P0562,Liverpool,Sefton,House,4,2015,A,Affordable Rent,Active
P0563,London,Lewisham,Bungalow,1,2003,D,Shared Ownership,Active
P0564,London,Lewisham,Flat,2,1998,F,Affordable Rent,Active
P0565,London,Southwark,Flat,1,1956,,Affordable Rent,Void
P0566,Liverpool,Wirral,House,3,1955,E,Social Rent,Active
P0567,London,Hackney,Flat,1,2011,C,Social Rent,Active
P0568,London,Croydon,House,3,1994,C,Social Rent,Active
P0569,Liverpool,Sefton,Bungalow,2,1995,D,Social Rent,Active
P0570,Birmingham,Birmingham,House,4,2011,B,Shared Ownership,Active
P0571,Liverpool,Wirral,House,4,1974,F,Social Rent,Active
P0572,Birmingham,Solihull,Bungalow,2,1954,E,Shared Ownership,Active
P0573,Birmingham,Birmingham,House,2,1992,C,Social Rent,Active
P0574,Birmingham,Solihull,House,3,1995,D,Social Rent,Active
P0575,Birmingham,Solihull,Bungalow,1,1990,C,Affordable Rent,Active
P0576,Liverpool,Liverpool,House,2,2015,C,Social Rent,Active
P0577,Manchester,Salford,House,3,1998,D,Social Rent,Active
P0578,London,Southwark,Flat,3,1968,D,Social Rent,Active
P0579,Birmingham,Birmingham,Flat,2,1952,D,Social Rent,Active
P0580,Manchester,Stockport,Flat,2,1980,D,Affordable Rent,Active
P0581,Birmingham,Solihull,House,4,1990,D,Social Rent,Active
P0582,Birmingham,Sandwell,Flat,1,2012,C,Affordable Rent,Active
P0583,Manchester,Trafford,Flat,3,1965,D,Social Rent,Active
P0584,Birmingham,Solihull,Flat,2,1996,D,Affordable Rent,Active
P0585,London,Newham,Flat,3,2008,C,Affordable Rent,Active
P0586,Manchester,Manchester,House,3,2004,C,Social Rent,Active
P0587,Liverpool,Wirral,Flat,2,1976,F,Social Rent,Active
P0588,London,Southwark,House,3,1993,C,Social Rent,Active
P0589,Liverpool,Wirral,House,3,1951,G,Social Rent,Active
P0590,Liverpool,Sefton,House,4,1962,F,Social Rent,Active
P0591,Liverpool,Wirral,Flat,3,2003,B,Affordable Rent,Active
P0592,Birmingham,Solihull,Flat,1,1988,F,Social Rent,Active
P0593,London,Croydon,Flat,2,1984,D,Affordable Rent,Void
P0594,London,Lambeth,House,4,1987,D,Social Rent,Active
P0595,London,Southwark,Flat,2,1950,G,Social Rent,Active
P0596,London,Newham,House,4,1974,D,Social Rent,Active
P0597,Liverpool,Sefton,House,4,1983,D,Affordable Rent,Active
P0598,Birmingham,Solihull,House,4,1985,,Social Rent,Active
P0599,Manchester,Manchester,Flat,2,1984,E,Social Rent,Active
P0600,London,Lambeth,Flat,2,1986,C,Shared Ownership,Active
P0601,London,Lewisham,Bungalow,2,2002,B,Social Rent,Active
P0602,Manchester,Trafford,Flat,3,1955,F,Shared Ownership,Active
P0603,Manchester,Salford,House,2,2009,B,Social Rent,Active
P0604,Liverpool,Wirral,House,3,1963,E,Shared Ownership,Active
P0605,Birmingham,Solihull,Flat,2,1990,E,Affordable Rent,Active
P0606,London,Lewisham,Flat,3,2019,D,Affordable Rent,Active
P0607,London,Croydon,Flat,3,2004,C,Social Rent,Active
P0608,Liverpool,Sefton,Flat,2,1966,E,Social Rent,Void
P0609,London,Hackney,Bungalow,2,2019,D,Social Rent,Active
P0610,Birmingham,Solihull,House,2,1977,D,Social Rent,Active
P0611,Manchester,Manchester,Bungalow,3,2011,C,Social Rent,Active
P0612,London,Hackney,Flat,3,2016,C,Social Rent,Void
P0613,London,Southwark,Flat,2,1987,,Affordable Rent,Active
P0614,London,Croydon,Bungalow,1,1960,G,Social Rent,Void
P0615,Manchester,Manchester,House,2,2010,D,Affordable Rent,Active
P0616,Liverpool,Wirral,Flat,2,2017,B,Social Rent,Void
P0617,Liverpool,Liverpool,Flat,1,1992,F,Social Rent,Active
P0618,Birmingham,Solihull,Bungalow,2,1983,D,Social Rent,Active
P0619,Manchester,Stockport,Bungalow,2,1963,E,Social Rent,Active
P0620,London,Newham,Flat,2,1989,F,Social Rent,Active
P0621,Liverpool,Liverpool,House,3,2002,C,Social Rent,Active
P0622,Birmingham,Solihull,House,3,1974,F,Social Rent,Active
P0623,London,Lambeth,Flat,2,2019,B,Affordable Rent,Active
P0624,London,Croydon,Flat,2,1963,D,Social Rent,Active
P0625,Liverpool,Wirral,House,3,1999,F,Affordable Rent,Active
P0626,London,Greenwich,Flat,1,1980,C,Affordable Rent,Active
P0627,Manchester,Manchester,House,3,1965,G,Social Rent,Active
P0628,London,Newham,Flat,1,1968,D,Social Rent,Active
P0629,Manchester,Trafford,Flat,2,2019,D,Social Rent,Active
P0630,London,Croydon,Flat,1,1978,F,Social Rent,Active
P0631,,Lambeth,Flat,2,1996,E,Shared Ownership,Active
P0632,Manchester,Trafford,House,3,2015,D,Social Rent,Active
P0633,Birmingham,Birmingham,Flat,1,2013,C,Social Rent,Void
P0634,London,Hackney,Flat,1,2001,B,Social Rent,Active
P0635,Manchester,Trafford,House,4,2008,D,Affordable Rent,Active
P0636,London,Newham,House,4,2003,C,Social Rent,Active
P0637,Manchester,Salford,House,4,2005,C,Social Rent,Active
P0638,London,Hackney,Flat,1,2014,,Affordable Rent,Active
P0639,London,Greenwich,Flat,2,1993,C,Social Rent,Active
P0640,London,Newham,Flat,2,2011,C,Affordable Rent,Active
P0641,London,,Flat,3,1993,C,Social Rent,Active
P0642,Liverpool,Wirral,House,4,2012,C,Affordable Rent,Active
P0643,London,Southwark,Flat,2,1984,C,Affordable Rent,Active
P0644,Birmingham,Sandwell,House,2,1982,D,Shared Ownership,Active
P0645,Manchester,,Flat,2,1966,D,Social Rent,Active
P0646,Birmingham,Sandwell,House,3,1973,F,Affordable Rent,Void
P0647,Manchester,Manchester,House,4,2018,D,Affordable Rent,Active
P0648,London,Lambeth,House,4,1984,C,Social Rent,Active
P0649,London,Lewisham,Flat,2,1963,G,Social Rent,Active
P0650,Manchester,Stockport,Bungalow,2,1993,F,Social Rent,Active
P0651,Manchester,Stockport,House,2,1972,E,Affordable Rent,Void
P0652,London,Lewisham,House,3,1953,F,Social Rent,Active
P0653,London,Lewisham,House,2,2001,B,Social Rent,Active
P0654,London,,Flat,3,1963,E,Social Rent,Active
P0655,Liverpool,Liverpool,House,3,1964,F,Affordable Rent,Active
P0656,London,Newham,Flat,1,1994,F,Social Rent,Active
P0657,Birmingham,Sandwell,House,3,1986,E,Social Rent,Active
P0658,Manchester,Manchester,Flat,3,2008,B,Shared Ownership,Active
P0659,Liverpool,Wirral,House,3,1980,D,Social Rent,Active
P0660,London,Lewisham,Flat,1,1955,G,Social Rent,Void
P0661,London,Lambeth,Flat,2,2013,B,Shared Ownership,Active
P0662,London,,Flat,2,2012,B,Social Rent,Active
P0663,London,Lambeth,Flat,3,1997,C,Affordable Rent,Active
P0664,Manchester,Manchester,Bungalow,2,1984,C,Shared Ownership,Void
P0665,Manchester,Manchester,Flat,2,1999,C,Shared Ownership,Active
P0666,London,Lambeth,Flat,2,2018,B,Social Rent,Active
P0667,London,Lambeth,Flat,1,1967,F,Shared Ownership,Void
P0668,Birmingham,Sandwell,House,3,1990,,Affordable Rent,Active
P0669,London,Newham,Flat,1,2017,C,Social Rent,Active
P0670,Birmingham,Birmingham,House,4,1994,F,Social Rent,Active
P0671,Birmingham,Sandwell,Bungalow,1,1961,F,Affordable Rent,Active
P0672,London,Southwark,House,3,2007,,Social Rent,Active
P0673,Birmingham,Birmingham,Flat,3,1983,D,Affordable Rent,Active
P0674,Birmingham,Sandwell,Flat,2,1973,F,Social Rent,Active
P0675,London,Lambeth,Flat,3,1971,F,Shared Ownership,Active
P0676,Liverpool,Liverpool,Bungalow,2,1977,F,Social Rent,Active
P0677,Birmingham,Birmingham,Flat,2,1990,D,Affordable Rent,Void
P0678,London,Lambeth,Flat,1,1957,D,Social Rent,Active
P0679,London,Southwark,House,3,1987,F,Affordable Rent,Active
P0680,,Lewisham,House,3,1983,C,Shared Ownership,Active
P0681,Liverpool,Wirral,Flat,1,1979,F,Affordable Rent,Active
P0682,London,Newham,Flat,2,2019,C,Social Rent,Active
P0683,Birmingham,Birmingham,House,4,1980,D,Social Rent,Active
P0684,Manchester,Salford,Bungalow,1,1988,E,Social Rent,Active
P0685,London,Hackney,Flat,2,1991,D,Social Rent,Active
P0686,London,Lewisham,Flat,2,1981,F,Social Rent,Active
P0687,London,Greenwich,House,3,1995,D,Shared Ownership,Active
P0688,Manchester,Salford,Flat,3,1979,D,Social Rent,Active
P0689,London,Lambeth,House,4,1992,,Social Rent,Active
P0690,Manchester,Salford,Flat,1,2001,B,Social Rent,Active
P0691,London,Southwark,Flat,1,2008,A,Social Rent,Active
P0692,London,Greenwich,Flat,1,2005,D,Shared Ownership,Active
P0693,London,Greenwich,House,2,1986,D,Shared Ownership,Active
P0694,,Croydon,Flat,3,1959,F,Social Rent,Active
P0695,Manchester,Stockport,Flat,1,1965,E,Affordable Rent,Active
P0696,Manchester,Salford,House,3,1995,D,Affordable Rent,Active
P0697,London,Greenwich,Flat,1,2013,C,Social Rent,Active
P0698,London,Lewisham,Flat,2,1998,E,Social Rent,Active
P0699,Liverpool,Sefton,Flat,1,1987,D,Affordable Rent,Active
P0700,Birmingham,Solihull,Bungalow,1,1991,D,Social Rent,Active
P0701,Birmingham,Solihull,Flat,2,1954,E,Affordable Rent,Active
P0702,Manchester,Manchester,House,3,1974,F,Social Rent,Active
P0703,Manchester,Stockport,House,3,2010,C,Social Rent,Active
P0704,Liverpool,Liverpool,House,3,1989,E,Social Rent,Active
P0705,Birmingham,Sandwell,House,3,2001,B,Social Rent,Active
P0706,Birmingham,Sandwell,House,3,1962,E,Social Rent,Void
P0707,Birmingham,Solihull,Flat,1,2001,,Social Rent,Void
P0708,London,Greenwich,Flat,2,1994,C,Shared Ownership,Active
P0709,Liverpool,Liverpool,House,3,1952,E,Affordable Rent,Active
P0710,Birmingham,Solihull,House,3,1971,G,Affordable Rent,Active
P0711,London,Hackney,Bungalow,3,1964,D,Shared Ownership,Active
P0712,Liverpool,Sefton,House,4,1977,G,Social Rent,Void
P0713,London,Croydon,Flat,2,1951,F,Shared Ownership,Active
P0714,Birmingham,Birmingham,Bungalow,2,2003,A,Affordable Rent,Active
P0715,Manchester,Trafford,Flat,1,1982,E,Affordable Rent,Active
P0716,London,Lewisham,Flat,2,1990,C,Social Rent,Void
P0717,London,Southwark,Flat,1,1976,E,Social Rent,Active
P0718,Birmingham,Sandwell,Flat,2,2001,C,Social Rent,Active
P0719,Manchester,Manchester,House,3,1951,E,Social Rent,Void
P0720,London,Lewisham,Flat,3,1960,G,Affordable Rent,Active
P0721,London,Newham,Flat,3,1960,E,Shared Ownership,Active
P0722,London,Hackney,Flat,1,1990,D,Affordable Rent,Active
P0723,London,Lewisham,House,3,2015,B,Shared Ownership,Active
P0724,London,Lewisham,Flat,3,1972,F,Social Rent,Active
P0725,Manchester,Trafford,Flat,3,1992,C,Shared Ownership,Active
P0726,Birmingham,Birmingham,House,4,1974,D,Social Rent,Active
P0727,Birmingham,Birmingham,Bungalow,2,1964,F,Social Rent,Void
P0728,Birmingham,Solihull,House,3,1973,F,Affordable Rent,Active
P0729,Birmingham,Sandwell,Flat,3,1990,C,Social Rent,Active
P0730,Birmingham,Birmingham,Bungalow,1,2017,D,Social Rent,Active
P0731,London,Lambeth,Flat,2,1969,E,Social Rent,Active
P0732,London,,Flat,1,1993,D,Shared Ownership,Active
P0733,,Solihull,Bungalow,3,1989,D,Social Rent,Active
P0734,London,,House,2,1954,,Social Rent,Active
P0735,Manchester,Stockport,Bungalow,3,1961,G,Shared Ownership,Void
P0736,London,Croydon,Flat,2,2016,C,Social Rent,Active
P0737,Manchester,Salford,Flat,1,2020,A,Social Rent,Active
P0738,Liverpool,Liverpool,Flat,2,1971,D,Social Rent,Active
P0739,Liverpool,Liverpool,House,2,1963,E,Affordable Rent,Active
P0740,London,Newham,House,4,1982,E,Social Rent,Active
P0741,Liverpool,Sefton,House,2,1955,F,Social Rent,Active
P0742,Manchester,Salford,House,4,1995,C,Social Rent,Active
P0743,Birmingham,Birmingham,Flat,3,2020,B,Social Rent,Active
P0744,London,Lewisham,Flat,2,1965,E,Affordable Rent,Active
P0745,London,Greenwich,Flat,1,2008,C,Social Rent,Active
P0746,Liverpool,Sefton,Bungalow,3,1992,F,Affordable Rent,Active
P0747,Liverpool,Sefton,House,4,1954,F,Affordable Rent,Active
P0748,Manchester,Stockport,House,3,1990,F,Affordable Rent,Active
P0749,London,Newham,Flat,2,2013,D,Affordable Rent,Active
P0750,London,Newham,Flat,1,2018,,Social Rent,Active
P0751,Liverpool,Wirral,Bungalow,2,1994,D,Social Rent,Void
P0752,Birmingham,Birmingham,House,4,2012,B,Social Rent,Active
P0753,London,Greenwich,Bungalow,2,2010,D,Affordable Rent,Active
P0754,London,Lambeth,House,4,2013,B,Social Rent,Active
P0755,Birmingham,Birmingham,House,2,2010,,Social Rent,Active
P0756,Liverpool,Sefton,House,3,1984,D,Social Rent,Active
P0757,London,Southwark,Bungalow,3,1994,C,Affordable Rent,Active
P0758,Manchester,Trafford,House,3,1998,C,Shared Ownership,Active
P0759,Liverpool,Liverpool,Bungalow,2,2001,C,Affordable Rent,Active
P0760,Liverpool,Liverpool,Bungalow,2,2015,C,Social Rent,Active
P0761,Birmingham,Birmingham,House,3,2010,C,Affordable Rent,Active
P0762,Manchester,Salford,House,3,1965,G,Affordable Rent,Active
P0763,Liverpool,Liverpool,House,4,1992,C,Social Rent,Active
P0764,Liverpool,Liverpool,Bungalow,2,1993,,Social Rent,Active
P0765,Birmingham,Birmingham,House,3,2014,C,Affordable Rent,Active
P0766,London,Lewisham,Flat,2,1979,F,Social Rent,Active
P0767,Birmingham,Birmingham,House,4,1993,C,Shared Ownership,Active
P0768,London,Southwark,House,3,1997,D,Affordable Rent,Active
P0769,London,Southwark,Flat,2,1985,C,Social Rent,Active
P0770,Manchester,Salford,Flat,1,2002,C,Social Rent,Active
P0771,Liverpool,Liverpool,Flat,1,1989,D,Social Rent,Void
P0772,London,Croydon,Flat,2,1971,D,Social Rent,Active
P0773,Manchester,Trafford,Flat,2,1963,E,Social Rent,Active
P0774,,Newham,Bungalow,1,2020,D,Social Rent,Active
P0775,Birmingham,Sandwell,House,3,1990,F,Social Rent,Active
P0776,Birmingham,Solihull,Flat,2,1961,F,Social Rent,Void
P0777,London,Lewisham,House,2,2018,C,Affordable Rent,Active
P0778,Manchester,Manchester,Bungalow,1,1974,F,Social Rent,Active
P0779,Liverpool,Sefton,House,3,1996,C,Social Rent,Void
P0780,Birmingham,Solihull,House,3,1969,G,Social Rent,Active
P0781,Manchester,Salford,House,4,2010,C,Social Rent,Active
P0782,Manchester,Manchester,House,3,1980,F,Social Rent,Active
P0783,Birmingham,Sandwell,House,3,2000,C,Social Rent,Active
P0784,Liverpool,Wirral,House,2,2016,B,Social Rent,Active
P0785,London,Newham,Flat,2,2007,D,Social Rent,Active
P0786,London,Lewisham,House,3,1989,F,Shared Ownership,Active
P0787,London,Lewisham,House,3,1961,F,Social Rent,Active
P0788,London,Croydon,Flat,1,1953,F,Social Rent,Active
P0789,Manchester,Salford,House,3,1964,,Shared Ownership,Active
P0790,London,Hackney,Flat,2,1973,D,Affordable Rent,Active
P0791,Manchester,Stockport,House,4,2016,C,Social Rent,Void
P0792,Birmingham,Birmingham,Flat,2,1987,D,Affordable Rent,Active
P0793,London,Newham,Flat,2,1969,E,Social Rent,Active
P0794,Birmingham,Solihull,Flat,2,1983,C,Affordable Rent,Active
P0795,London,Newham,Flat,3,1979,D,Social Rent,Active
P0796,Birmingham,Birmingham,Flat,2,1996,D,Social Rent,Active
P0797,Manchester,Trafford,Bungalow,1,1950,E,Social Rent,Active
P0798,Liverpool,Sefton,House,2,2017,B,Affordable Rent,Active
P0799,Manchester,Trafford,Flat,1,2002,B,Social Rent,Active
P0800,Liverpool,Wirral,Bungalow,1,2002,C,Social Rent,Active
P0801,Manchester,Salford,Flat,1,2017,D,Affordable Rent,Void
P0802,London,Newham,Flat,3,1980,E,Social Rent,Active
P0803,Birmingham,Sandwell,Flat,3,2016,B,Social Rent,Active
P0804,Manchester,Trafford,Flat,1,1986,F,Social Rent,Active
P0805,Manchester,Trafford,Bungalow,2,1958,D,Social Rent,Active
P0806,Liverpool,Liverpool,Flat,2,1987,C,Affordable Rent,Active
P0807,London,Lambeth,House,3,1954,G,Social Rent,Active
P0808,Birmingham,Solihull,Flat,3,2003,C,Social Rent,Active
P0809,Birmingham,Birmingham,Bungalow,2,1986,F,Social Rent,Active
P0810,Manchester,Salford,Bungalow,1,2005,B,Shared Ownership,Active
P0811,London,Hackney,Flat,1,1962,D,Shared Ownership,Void
P0812,London,Croydon,Flat,2,1999,C,Affordable Rent,Active
P0813,London,Greenwich,House,3,2000,A,Social Rent,Active
P0814,Liverpool,Liverpool,Flat,2,1968,E,Social Rent,Active
P0815,Manchester,Manchester,Bungalow,1,2016,,Social Rent,Active
P0816,London,Hackney,House,3,1992,F,Shared Ownership,Active
P0817,London,Hackney,Flat,3,1982,C,Social Rent,Active
P0818,London,Lambeth,House,3,1959,E,Social Rent,Void
P0819,Birmingham,Birmingham,Bungalow,3,1974,E,Shared Ownership,Active
P0820,London,Newham,Bungalow,2,1952,E,Social Rent,Active
P0821,Manchester,Trafford,Flat,3,1987,D,Social Rent,Active
P0822,London,Croydon,House,3,1974,D,Social Rent,Active
P0823,Liverpool,Liverpool,Flat,2,1984,F,Shared Ownership,Active
P0824,London,Greenwich,Flat,1,2012,C,Social Rent,Active
P0825,Manchester,Stockport,Bungalow,3,1950,,Affordable Rent,Active
P0826,Birmingham,Solihull,House,4,1989,D,Affordable Rent,Active
P0827,London,Lambeth,Flat,2,1985,D,Social Rent,Active
P0828,London,Croydon,Flat,2,2008,C,Social Rent,Active
P0829,Birmingham,Birmingham,House,4,2002,C,Affordable Rent,Active
P0830,London,Southwark,Flat,2,1958,F,Social Rent,Active
P0831,Manchester,Manchester,Flat,1,1989,,Social Rent,Void
P0832,Manchester,Stockport,Flat,2,2011,D,Social Rent,Active
P0833,London,Greenwich,House,2,1996,,Affordable Rent,Active
P0834,Liverpool,Liverpool,Flat,1,1964,F,Affordable Rent,Active
P0835,Birmingham,Birmingham,Bungalow,2,1999,E,Social Rent,Active
P0836,Birmingham,Solihull,Flat,2,1971,F,Social Rent,Active
P0837,Manchester,Manchester,Flat,3,1967,E,Social Rent,Active
P0838,London,Lewisham,Flat,2,2015,C,Shared Ownership,Void
P0839,Liverpool,Sefton,Flat,3,2019,B,Affordable Rent,Void
P0840,London,Lambeth,Flat,2,2019,A,Affordable Rent,Active
P0841,London,Lewisham,Flat,1,1982,D,Social Rent,Active
P0842,Liverpool,Sefton,Flat,1,1953,E,Shared Ownership,Active
P0843,Birmingham,Solihull,Flat,2,1967,E,Shared Ownership,Active
P0844,London,Southwark,Flat,2,1965,D,Social Rent,Active
P0845,London,Greenwich,Flat,2,1994,E,Affordable Rent,Active
P0846,,Sefton,Bungalow,2,1991,D,Shared Ownership,Active
P0847,Liverpool,Wirral,House,2,1975,F,Social Rent,Void
P0848,Liverpool,Wirral,Bungalow,3,2014,C,Affordable Rent,Active
P0849,London,Lambeth,Flat,2,1984,F,Social Rent,Void
P0850,Manchester,,House,3,2018,B,Social Rent,Active
P0851,Liverpool,Liverpool,House,3,1993,F,Shared Ownership,Active
P0852,Liverpool,Sefton,House,2,1985,C,Affordable Rent,Active
P0853,Birmingham,Birmingham,Bungalow,3,1953,G,Affordable Rent,Active
P0854,Manchester,Stockport,House,4,1971,F,Social Rent,Active
P0855,Liverpool,Sefton,Bungalow,3,2000,C,Social Rent,Active
P0856,London,Southwark,Bungalow,2,1950,D,Affordable Rent,Active
P0857,,Trafford,Flat,2,2017,B,Affordable Rent,Active
P0858,Manchester,Salford,Bungalow,2,2012,C,Social Rent,Active
P0859,Manchester,Stockport,Bungalow,2,2005,B,Social Rent,Active
P0860,,Manchester,House,3,1952,F,Affordable Rent,Active
P0861,London,Lambeth,House,3,2012,C,Shared Ownership,Active
P0862,Birmingham,Sandwell,Bungalow,1,1979,E,Social Rent,Active
P0863,London,Southwark,Flat,1,1975,G,Affordable Rent,Active
P0864,London,,House,2,1985,F,Social Rent,Active
P0865,Liverpool,Wirral,House,2,1973,,Social Rent,Active
P0866,Liverpool,Liverpool,Bungalow,1,2002,D,Social Rent,Void
P0867,London,,House,3,1995,D,Social Rent,Active
P0868,Liverpool,Sefton,Bungalow,1,1975,E,Social Rent,Active
P0869,Manchester,Trafford,Bungalow,2,1969,E,Affordable Rent,Active
P0870,Liverpool,Wirral,Flat,2,1996,C,Social Rent,Active
P0871,London,Greenwich,House,3,1974,F,Social Rent,Active
P0872,London,Greenwich,Flat,2,1969,F,Shared Ownership,Active
P0873,Birmingham,Sandwell,Bungalow,2,2010,B,Social Rent,Active
P0874,London,Lewisham,Flat,1,1960,,Affordable Rent,Active
P0875,London,Newham,Flat,3,2017,A,Social Rent,Active
P0876,Liverpool,,House,3,1992,D,Social Rent,Active
P0877,,Manchester,Bungalow,3,1953,D,Social Rent,Active
P0878,Manchester,Salford,Flat,2,2017,D,Social Rent,Active
P0879,London,Hackney,Flat,2,1992,F,Social Rent,Active
P0880,London,Croydon,House,4,1994,C,Social Rent,Active
P0881,Birmingham,Solihull,Flat,1,1982,F,Affordable Rent,Active
P0882,London,,Flat,1,1956,D,Social Rent,Active
P0883,Liverpool,Sefton,House,3,2003,B,Shared Ownership,Active
P0884,Manchester,Stockport,Flat,1,1989,C,Affordable Rent,Active
P0885,Liverpool,Liverpool,Flat,2,1966,G,Social Rent,Active
P0886,Manchester,Trafford,Flat,1,1981,F,Social Rent,Active
P0887,London,Croydon,Flat,2,1971,D,Shared Ownership,Active
P0888,London,Croydon,Flat,1,1992,C,Affordable Rent,Active
P0889,London,Greenwich,Flat,1,1969,F,Social Rent,Active
P0890,Liverpool,Liverpool,Flat,2,2010,,Social Rent,Active
P0891,London,Hackney,House,2,1980,,Shared Ownership,Active
P0892,London,Lewisham,Flat,3,1987,E,Social Rent,Active
P0893,London,Newham,House,4,1995,C,Affordable Rent,Active
P0894,Birmingham,Sandwell,House,3,2004,D,Social Rent,Active
P0895,London,Lambeth,House,3,2006,B,Social Rent,Active
P0896,Manchester,Stockport,Bungalow,3,2011,B,Shared Ownership,Active
P0897,London,Croydon,House,4,1993,E,Social Rent,Active
P0898,Liverpool,Liverpool,House,2,1999,D,Affordable Rent,Active
P0899,London,Hackney,House,2,1989,,Social Rent,Active
P0900,London,Southwark,Flat,3,2002,B,Social Rent,Void
P0901,London,Lewisham,Flat,2,1992,F,Shared Ownership,Active
P0902,London,Newham,House,3,1968,E,Social Rent,Active
P0903,Liverpool,Sefton,House,3,1978,E,Shared Ownership,Active
P0904,Manchester,Stockport,House,4,1964,F,Social Rent,Void
P0905,Birmingham,Sandwell,House,2,1967,G,Affordable Rent,Active
P0906,,Sandwell,House,2,1951,F,Social Rent,Active
P0907,Liverpool,Liverpool,House,3,1981,D,Social Rent,Active
P0908,Birmingham,Birmingham,House,3,1980,C,Social Rent,Active
P0909,Manchester,Salford,Flat,2,1996,F,Social Rent,Active
P0910,London,Southwark,Flat,3,1971,,Social Rent,Active
P0911,London,Croydon,House,3,1965,D,Social Rent,Active
P0912,London,Southwark,Flat,2,1963,D,Social Rent,Active
P0913,Birmingham,Sandwell,House,2,1991,E,Shared Ownership,Active
P0914,Liverpool,Wirral,Flat,3,1966,F,Affordable Rent,Active
P0915,Birmingham,Birmingham,Flat,2,2002,C,Social Rent,Active
P0916,Manchester,Trafford,Flat,2,1991,D,Shared Ownership,Active
P0917,London,,Flat,2,1960,G,Social Rent,Void
P0918,Liverpool,Liverpool,House,2,2014,C,Shared Ownership,Active
P0919,Birmingham,Solihull,Flat,2,1967,E,Social Rent,Active
P0920,Liverpool,Liverpool,Flat,1,1971,,Affordable Rent,Active
P0921,Liverpool,Sefton,Flat,2,1979,E,Social Rent,Active
P0922,Liverpool,Liverpool,Bungalow,2,1992,C,Social Rent,Active
P0923,London,Croydon,Flat,1,2012,A,Shared Ownership,Active
P0924,Manchester,Trafford,House,2,1983,F,Social Rent,Active
P0925,London,Hackney,House,2,2010,C,Social Rent,Active
P0926,Liverpool,Wirral,House,4,2002,C,Social Rent,Active
P0927,Liverpool,Sefton,House,2,1996,D,Affordable Rent,Void
P0928,London,Lewisham,Flat,2,2019,C,Social Rent,Active
P0929,Birmingham,Sandwell,Flat,2,1984,F,Social Rent,Active
P0930,Manchester,Manchester,Flat,1,2013,D,Social Rent,Void
P0931,London,Lambeth,Flat,1,1951,D,Affordable Rent,Active
P0932,London,Croydon,Flat,2,1971,F,Affordable Rent,Active
P0933,Liverpool,Liverpool,House,3,2009,B,Social Rent,Active
P0934,London,Hackney,Bungalow,3,1969,G,Social Rent,Active
P0935,Manchester,Manchester,House,4,1981,E,Social Rent,Active
P0936,London,Hackney,Flat,2,2008,,Social Rent,Active
P0937,London,Newham,Flat,2,1989,,Affordable Rent,Active
P0938,Liverpool,Sefton,Bungalow,2,2010,C,Affordable Rent,Void
P0939,Birmingham,Birmingham,House,4,1989,D,Social Rent,Active
P0940,London,Lambeth,Bungalow,2,2008,D,Social Rent,Active
P0941,London,Newham,Flat,1,2020,C,Social Rent,Active
P0942,London,Greenwich,Flat,1,2001,C,Social Rent,Active
P0943,Liverpool,Sefton,Bungalow,2,1952,F,Social Rent,Active
P0944,London,Southwark,House,2,1981,F,Social Rent,Active
P0945,London,Lambeth,Bungalow,3,2017,C,Social Rent,Active
P0946,Manchester,Salford,Flat,2,1993,F,Social Rent,Active
P0947,London,Newham,House,3,1959,D,Shared Ownership,Active
P0948,Birmingham,,House,4,2011,B,Affordable Rent,Active
P0949,Birmingham,Sandwell,Flat,1,1987,D,Social Rent,Active
P0950,Liverpool,Wirral,House,3,1996,C,Social Rent,Active
P0951,London,Southwark,Bungalow,2,1983,F,Social Rent,Active
P0952,London,Hackney,House,3,1993,F,Social Rent,Active
P0953,Manchester,Salford,House,4,1960,E,Social Rent,Active
P0954,Birmingham,Birmingham,Bungalow,1,2008,C,Social Rent,Active
P0955,Liverpool,Liverpool,House,4,2016,D,Social Rent,Active
P0956,Birmingham,Birmingham,House,4,1998,F,Affordable Rent,Active
P0957,Manchester,Stockport,House,4,2015,C,Social Rent,Active
P0958,Manchester,Salford,Bungalow,2,1961,D,Social Rent,Active
P0959,London,Newham,Flat,2,1996,F,Social Rent,Active
P0960,Liverpool,Liverpool,Bungalow,3,1986,D,Social Rent,Active
P0961,London,Hackney,Flat,1,2008,C,Affordable Rent,Active
P0962,London,Southwark,Flat,1,1981,C,Affordable Rent,Active
P0963,London,Croydon,Flat,2,2009,C,Social Rent,Active
P0964,,Manchester,Bungalow,3,2011,C,Social Rent,Active
P0965,,Newham,House,3,2010,A,Affordable Rent,Active
P0966,London,Croydon,House,4,1951,E,Affordable Rent,Active
P0967,London,Southwark,Flat,2,2020,D,Affordable Rent,Active
P0968,London,Croydon,House,4,1993,E,Social Rent,Active
P0969,Liverpool,Sefton,Bungalow,3,2015,B,Social Rent,Active
P0970,London,Southwark,House,3,1990,C,Social Rent,Active
P0971,Birmingham,Sandwell,Flat,3,1995,C,Social Rent,Active
P0972,Birmingham,Birmingham,House,3,1990,D,Shared Ownership,Active
P0973,Birmingham,Solihull,House,2,1993,C,Affordable Rent,Void
P0974,Birmingham,Solihull,Flat,2,1973,F,Affordable Rent,Active
P0975,Birmingham,Sandwell,Flat,2,2012,B,Shared Ownership,Active
P0976,London,Lambeth,Flat,1,1977,E,Social Rent,Active
P0977,London,Southwark,House,2,1983,C,Social Rent,Active
P0978,London,Lambeth,House,4,1980,C,Affordable Rent,Active
P0979,Birmingham,Solihull,House,3,1973,E,Affordable Rent,Active
P0980,London,Lewisham,Flat,2,2009,C,Social Rent,Active
P0981,London,Hackney,House,4,2018,B,Social Rent,Active
P0982,Birmingham,Solihull,Flat,2,1952,G,Social Rent,Active
P0983,Birmingham,Solihull,House,4,2001,B,Social Rent,Active
P0984,London,Croydon,Flat,3,2017,C,Affordable Rent,Active
P0985,Birmingham,Sandwell,House,4,1982,C,Social Rent,Active
P0986,London,Greenwich,Flat,3,1951,G,Affordable Rent,Active
P0987,London,Hackney,Flat,3,1973,G,Social Rent,Active
P0988,Birmingham,Sandwell,Bungalow,2,1988,F,Affordable Rent,Active
P0989,London,Croydon,House,3,1960,D,Social Rent,Active
P0990,Birmingham,,House,2,1969,E,Social Rent,Active
P0991,Liverpool,Sefton,Flat,3,1998,E,Social Rent,Active
P0992,London,Croydon,Flat,2,1985,C,Affordable Rent,Active
P0993,Manchester,Trafford,Bungalow,3,1969,F,Social Rent,Active
P0994,London,Greenwich,Flat,1,1981,D,Social Rent,Active
P0995,London,Croydon,Flat,2,1972,F,Shared Ownership,Active
P0996,Liverpool,,Bungalow,3,1993,E,Social Rent,Active
P0997,Birmingham,Birmingham,Flat,2,1964,F,Shared Ownership,Active
P0998,London,Lambeth,Bungalow,1,1961,E,Social Rent,Active
P0999,Liverpool,Wirral,Flat,2,1970,F,Affordable Rent,Void
P1000,,Wirral,Bungalow,3,1970,F,Social Rent,Active
P1001,London,Croydon,House,2,1973,G,Social Rent,Active
P1002,London,Southwark,Flat,3,1956,F,Shared Ownership,Active
P1003,Liverpool,Wirral,Bungalow,2,2013,C,Affordable Rent,Active
P1004,Birmingham,Birmingham,Flat,1,1986,E,Shared Ownership,Active
P1005,Manchester,Manchester,House,3,2018,A,Social Rent,Active
P1006,London,Lambeth,Bungalow,3,1980,D,Shared Ownership,Active
P1007,Birmingham,Birmingham,House,4,2012,B,Social Rent,Active
P1008,London,Greenwich,Flat,1,1972,E,Affordable Rent,Active
P1009,Liverpool,Wirral,Bungalow,1,1976,F,Social Rent,Active
P1010,Birmingham,Solihull,Flat,2,1966,F,Social Rent,Active
P1011,London,Lambeth,House,3,1998,D,Social Rent,Active
P1012,Birmingham,Birmingham,Flat,2,2005,B,Social Rent,Active
P1013,Liverpool,Sefton,House,3,2015,B,Social Rent,Active
P1014,London,Greenwich,House,4,1983,C,Social Rent,Active
P1015,London,Hackney,House,4,2018,B,Shared Ownership,Void
P1016,London,Southwark,Flat,2,1962,D,Social Rent,Active
P1017,London,Greenwich,Flat,2,1954,D,Social Rent,Active
P1018,London,Newham,House,4,1987,D,Social Rent,Active
P1019,London,Lambeth,House,3,1962,F,Social Rent,Active
P1020,London,Greenwich,Flat,2,1980,D,Social Rent,Active
P1021,London,Hackney,Flat,2,1970,E,Social Rent,Active
P1022,Liverpool,Liverpool,Flat,2,2014,B,Affordable Rent,Active
P1023,Liverpool,Liverpool,House,3,1994,F,Affordable Rent,Active
P1024,London,Lambeth,Flat,3,1994,D,Social Rent,Active
P1025,Birmingham,Solihull,House,3,1971,G,Social Rent,Active
P1026,Birmingham,Solihull,House,3,1983,C,Social Rent,Active
P1027,Birmingham,Birmingham,House,2,1993,,Social Rent,Active
P1028,Manchester,Stockport,Flat,1,1984,D,Shared Ownership,Active
P1029,London,Southwark,Bungalow,3,1996,C,Social Rent,Void
P1030,Birmingham,Birmingham,House,4,2020,,Shared Ownership,Active
P1031,Birmingham,Birmingham,Bungalow,2,1953,E,Shared Ownership,Active
P1032,Birmingham,Solihull,House,3,2008,C,Affordable Rent,Active
P1033,Liverpool,Wirral,Flat,1,1980,C,Affordable Rent,Active
P1034,London,Greenwich,Flat,2,2009,C,Social Rent,Active
P1035,Manchester,Stockport,Bungalow,1,2011,B,Social Rent,Active
P1036,London,Newham,Flat,1,1998,D,Social Rent,Void
P1037,London,Hackney,House,3,1980,C,Social Rent,Void
P1038,London,Hackney,Flat,2,1957,F,Social Rent,Active
P1039,Liverpool,Wirral,Flat,3,1992,E,Social Rent,Active
P1040,London,Lewisham,House,3,1990,D,Social Rent,Active
P1041,Liverpool,Sefton,Flat,3,1989,D,Social Rent,Void
P1042,London,Lambeth,Flat,2,1956,F,Social Rent,Active
P1043,Manchester,Manchester,House,3,2002,A,Affordable Rent,Active
P1044,Manchester,Salford,Bungalow,1,1987,E,Social Rent,Active
P1045,London,Croydon,Flat,1,2007,D,Social Rent,Active
P1046,London,Greenwich,Flat,2,1980,D,Social Rent,Active
P1047,Birmingham,Solihull,Bungalow,2,2020,C,Affordable Rent,Active
P1048,Liverpool,Wirral,House,3,1996,D,Social Rent,Active
P1049,Liverpool,Liverpool,House,3,2004,C,Social Rent,Active
P1050,London,Lambeth,Flat,1,1990,D,Social Rent,Active
P1051,London,Greenwich,Flat,1,1991,C,Social Rent,Active
P1052,Manchester,Stockport,House,2,1984,F,Social Rent,Active
P1053,Manchester,Salford,House,3,1996,E,Social Rent,Active
P1054,Liverpool,Sefton,House,3,1979,F,Shared Ownership,Active
P1055,Liverpool,Sefton,Flat,1,2019,C,Social Rent,Active
P1056,Liverpool,Liverpool,Bungalow,3,2007,,Affordable Rent,Void
P1057,Manchester,Trafford,House,3,2002,A,Social Rent,Active
P1058,Birmingham,Sandwell,Bungalow,3,1957,F,Social Rent,Active
P1059,Liverpool,Liverpool,Bungalow,1,1959,F,Social Rent,Active
P1060,Birmingham,Solihull,House,2,1965,D,Social Rent,Active
P1061,Manchester,Stockport,Bungalow,1,1978,G,Social Rent,Active
P1062,Birmingham,Sandwell,Flat,2,1996,F,Shared Ownership,Active
P1063,London,Croydon,Flat,2,1953,G,Social Rent,Active
P1064,Birmingham,Sandwell,House,4,1990,F,Social Rent,Active
P1065,London,Hackney,Flat,2,1953,F,Social Rent,Active
P1066,London,Greenwich,House,2,1995,D,Social Rent,Active
P1067,Liverpool,Sefton,House,3,1991,D,Social Rent,Active
P1068,Manchester,Stockport,House,4,2000,B,Social Rent,Active
P1069,London,Newham,House,3,1986,D,Social Rent,Active
P1070,Birmingham,Sandwell,House,4,1951,G,Social Rent,Active
P1071,London,Croydon,Flat,3,2004,A,Affordable Rent,Active
P1072,Liverpool,Wirral,Flat,1,1952,F,Social Rent,Active
P1073,Birmingham,Birmingham,House,2,2011,C,Social Rent,Active
P1074,Manchester,Trafford,Flat,3,2019,A,Social Rent,Active
P1075,Manchester,Manchester,Bungalow,1,1991,F,Shared Ownership,Active
P1076,Manchester,Trafford,House,3,1973,F,Social Rent,Active
P1077,Liverpool,Wirral,Bungalow,2,2013,C,Shared Ownership,Active
P1078,London,Greenwich,House,3,1993,C,Social Rent,Active
P1079,London,Greenwich,Flat,1,1990,E,Social Rent,Active
P1080,Liverpool,Wirral,Flat,2,1956,F,Social Rent,Active
P1081,London,Lewisham,Flat,2,1957,E,Shared Ownership,Active
P1082,London,Greenwich,House,4,1992,E,Social Rent,Active
P1083,London,Greenwich,House,3,1982,D,Social Rent,Active
P1084,Liverpool,Wirral,House,4,1960,D,Social Rent,Active
P1085,Liverpool,Liverpool,Flat,3,1983,D,Shared Ownership,Active
P1086,London,Lambeth,Flat,2,2000,B,Social Rent,Active
P1087,London,,Flat,2,1954,G,Affordable Rent,Active
P1088,Manchester,Salford,House,2,1984,F,Social Rent,Active
P1089,Manchester,Trafford,Bungalow,2,1960,,Shared Ownership,Void
P1090,London,Newham,House,4,1955,G,Shared Ownership,Active
P1091,Manchester,Stockport,Bungalow,2,1954,E,Social Rent,Active
P1092,Manchester,Manchester,House,4,1977,F,Social Rent,Active
P1093,Birmingham,Sandwell,House,4,1953,F,Affordable Rent,Active
P1094,Manchester,Trafford,House,2,1991,,Shared Ownership,Active
P1095,London,Greenwich,Bungalow,1,1970,E,Social Rent,Active
P1096,Birmingham,Sandwell,House,4,1999,C,Affordable Rent,Void
P1097,London,Greenwich,Flat,3,1997,E,Social Rent,Active
P1098,London,Lambeth,Flat,2,2014,B,Social Rent,Active
P1099,Manchester,Manchester,Bungalow,3,1955,G,Social Rent,Active
P1100,London,Croydon,House,3,2001,B,Shared Ownership,Active
P1101,London,Lewisham,House,3,2007,C,Shared Ownership,Active
P1102,Liverpool,Sefton,Flat,3,2012,D,Social Rent,Active
P1103,Liverpool,,Flat,2,2006,C,Social Rent,Active
P1104,London,Southwark,Flat,3,1992,D,Affordable Rent,Active
P1105,Liverpool,Sefton,Flat,2,1973,D,Social Rent,Active
P1106,Manchester,Manchester,House,3,2009,C,Social Rent,Active
P1107,Birmingham,Sandwell,House,3,1951,E,Shared Ownership,Active
P1108,Birmingham,Solihull,Flat,1,2019,B,Social Rent,Active
P1109,Manchester,Manchester,House,4,1988,D,Social Rent,Active
P1110,London,Lambeth,House,3,1987,C,Affordable Rent,Active
P1111,Birmingham,,House,3,1992,D,Shared Ownership,Active
P1112,London,Southwark,Flat,2,2013,,Affordable Rent,Active
P1113,,Manchester,Bungalow,3,1970,D,Social Rent,Active
P1114,Manchester,Manchester,House,4,1991,F,Affordable Rent,Active
P1115,Birmingham,Sandwell,Flat,2,1997,E,Affordable Rent,Active
P1116,Manchester,Manchester,House,3,2010,B,Affordable Rent,Active
P1117,Manchester,Salford,House,3,1977,E,Social Rent,Active
P1118,London,Greenwich,Flat,3,2009,C,Affordable Rent,Active
P1119,London,Croydon,Bungalow,2,2004,C,Shared Ownership,Active
P1120,Liverpool,Sefton,House,4,2014,B,Shared Ownership,Active
P1121,London,Lambeth,Bungalow,2,2020,B,Shared Ownership,Active
P1122,Manchester,Stockport,House,3,1968,F,Social Rent,Void
P1123,London,Hackney,House,4,1988,F,Social Rent,Active
P1124,Liverpool,Liverpool,House,4,1987,C,Shared Ownership,Active
P1125,Manchester,Manchester,Bungalow,2,2020,D,Social Rent,Active
P1126,Manchester,Stockport,House,3,1980,E,Social Rent,Active
P1127,London,Hackney,Flat,2,2000,C,Shared Ownership,Void
P1128,London,Newham,Flat,2,1990,F,Social Rent,Active
P1129,Birmingham,Solihull,Bungalow,3,1951,G,Social Rent,Active
P1130,Birmingham,Birmingham,Bungalow,3,1985,D,Social Rent,Void
P1131,Manchester,Stockport,Bungalow,2,1965,E,Social Rent,Active
P1132,London,Hackney,Flat,1,1982,C,Shared Ownership,Active
P1133,Manchester,Trafford,Flat,1,1966,E,Social Rent,Active
P1134,London,Greenwich,Flat,2,2006,A,Social Rent,Active
P1135,London,Newham,House,4,2004,C,Shared Ownership,Active
P1136,Birmingham,Birmingham,Bungalow,2,1983,D,Social Rent,Active
P1137,London,Croydon,Bungalow,3,2012,D,Social Rent,Active
P1138,London,Southwark,Flat,2,2001,D,Shared Ownership,Active
P1139,Liverpool,Liverpool,Bungalow,1,1990,E,Affordable Rent,Active
P1140,,Greenwich,Flat,1,1993,,Social Rent,Active
P1141,Birmingham,,House,4,2016,B,Shared Ownership,Active
P1142,Manchester,Salford,House,4,2001,B,Social Rent,Active
P1143,Birmingham,Solihull,House,3,1996,C,Social Rent,Active
P1144,London,Hackney,Flat,1,1998,C,Shared Ownership,Active
P1145,London,Greenwich,House,4,2012,B,Social Rent,Active
P1146,London,Lambeth,Flat,3,1971,G,Shared Ownership,Active
P1147,London,Southwark,Flat,1,1978,D,Social Rent,Active
P1148,London,Lambeth,Flat,2,1953,F,Affordable Rent,Void
P1149,Birmingham,Sandwell,House,3,1959,D,Shared Ownership,Void
P1150,Manchester,Stockport,Flat,2,1951,E,Social Rent,Active
P1151,Liverpool,Liverpool,House,3,1984,C,Affordable Rent,Active
P1152,London,Hackney,Flat,1,2008,B,Affordable Rent,Active
P1153,London,Hackney,Flat,1,1986,D,Social Rent,Active
P1154,Manchester,Salford,Flat,3,1983,D,Social Rent,Void
P1155,London,Greenwich,Bungalow,2,1992,F,Social Rent,Active
P1156,Birmingham,Sandwell,House,2,1995,C,Social Rent,Active
P1157,Birmingham,Sandwell,Flat,3,2015,B,Social Rent,Active
P1158,Birmingham,Birmingham,Bungalow,2,2011,C,Social Rent,Active
P1159,Liverpool,Liverpool,Bungalow,1,2006,C,Affordable Rent,Active
P1160,,Hackney,Flat,2,1954,F,Shared Ownership,Active
P1161,,Solihull,Bungalow,2,1993,C,Social Rent,Active
P1162,London,Southwark,Bungalow,3,1963,F,Social Rent,Active
P1163,London,Newham,Flat,1,2008,C,Affordable Rent,Active
P1164,Liverpool,Liverpool,House,3,1977,G,Affordable Rent,Active
P1165,Birmingham,Birmingham,Flat,1,2010,B,Social Rent,Active
P1166,London,Southwark,Flat,2,1998,E,Social Rent,Active
P1167,Liverpool,Liverpool,Flat,1,1979,F,Shared Ownership,Active
P1168,Liverpool,Liverpool,House,2,1964,E,Social Rent,Active
P1169,Birmingham,Solihull,Bungalow,2,2000,D,Shared Ownership,Void
P1170,Liverpool,Liverpool,Flat,2,1971,G,Social Rent,Active
P1171,London,Southwark,Bungalow,1,1995,D,Social Rent,Active
P1172,Manchester,Manchester,House,4,1951,G,Social Rent,Void
P1173,Birmingham,Sandwell,Flat,2,2000,A,Shared Ownership,Active
P1174,London,Lambeth,Flat,2,1996,D,Affordable Rent,Active
P1175,Manchester,Trafford,Flat,2,2010,,Social Rent,Active
P1176,London,Greenwich,Flat,1,2002,,Affordable Rent,Active
P1177,Birmingham,Birmingham,House,4,1990,C,Shared Ownership,Void
P1178,London,Lambeth,Bungalow,1,1975,D,Social Rent,Active
P1179,London,Newham,House,2,1998,D,Shared Ownership,Active
P1180,Liverpool,Wirral,Bungalow,2,1972,E,Social Rent,Active
P1181,Manchester,Stockport,House,3,2011,C,Shared Ownership,Active
P1182,Birmingham,Birmingham,Flat,2,2019,C,Shared Ownership,Active
P1183,Liverpool,Wirral,Flat,2,1991,C,Affordable Rent,Active
P1184,Birmingham,Solihull,House,3,2017,B,Social Rent,Active
P1185,Manchester,Stockport,House,4,1994,C,Social Rent,Active
P1186,London,Hackney,Flat,3,1954,F,Social Rent,Active
P1187,London,Lewisham,Flat,2,1958,E,Shared Ownership,Active
P1188,London,Newham,House,3,2015,A,Social Rent,Active
P1189,Manchester,Trafford,Flat,2,1986,F,Social Rent,Active
P1190,Birmingham,Sandwell,Flat,1,2011,D,Shared Ownership,Active
P1191,Manchester,Stockport,Flat,3,1987,F,Social Rent,Active
P1192,Birmingham,Sandwell,Flat,1,2007,C,Social Rent,Active
P1193,Liverpool,Sefton,House,2,1974,F,Shared Ownership,Void
P1194,Birmingham,Birmingham,House,4,1988,E,Social Rent,Active
P1195,London,Croydon,Flat,1,2015,C,Affordable Rent,Active
P1196,Liverpool,Wirral,House,3,2016,B,Social Rent,Active
P1197,London,Hackney,Flat,1,1993,E,Social Rent,Active
P1198,London,Newham,House,2,1958,F,Social Rent,Active
P1199,London,Lewisham,House,3,2010,,Social Rent,Active
P1200,London,,House,2,2018,A,Affordable Rent,Active
P1201,Manchester,Manchester,Flat,1,2002,D,Social Rent,Active
P1202,Manchester,Manchester,House,3,2017,D,Social Rent,Void
P1203,,Greenwich,Flat,2,2020,B,Social Rent,Active
P1204,London,Southwark,Flat,2,1992,,Affordable Rent,Active
P1205,London,Greenwich,Flat,1,1968,D,Social Rent,Active
P1206,London,Greenwich,Flat,3,1973,E,Affordable Rent,Active
P1207,London,Greenwich,Flat,1,1953,F,Social Rent,Active
P1208,London,Lewisham,Flat,1,2006,C,Affordable Rent,Active
P1209,Manchester,Trafford,House,2,2018,D,Social Rent,Active
P1210,Liverpool,Sefton,Flat,3,2014,C,Social Rent,Active
P1211,London,Lambeth,House,3,2000,C,Shared Ownership,Void
P1212,London,Newham,House,4,1953,D,Shared Ownership,Active
P1213,,Manchester,Flat,1,1953,G,Affordable Rent,Active
P1214,Liverpool,Wirral,Bungalow,3,1978,D,Shared Ownership,Active
P1215,Manchester,Trafford,Flat,2,1952,,Social Rent,Active
P1216,Manchester,Manchester,House,2,2009,B,Affordable Rent,Void
P1217,London,Lambeth,Flat,1,2018,C,Social Rent,Active
P1218,Liverpool,Liverpool,Flat,1,1994,D,Affordable Rent,Active
P1219,London,Lambeth,Flat,1,2014,C,Affordable Rent,Active
P1220,Birmingham,Solihull,House,3,1969,E,Affordable Rent,Active
P1221,London,Lewisham,Flat,3,1970,F,Shared Ownership,Active
P1222,Liverpool,Liverpool,Bungalow,2,2003,C,Social Rent,Active
P1223,Manchester,,House,3,1975,F,Social Rent,Active
P1224,Birmingham,Solihull,Flat,2,1983,D,Shared Ownership,Active
P1225,London,Southwark,Bungalow,3,1984,D,Social Rent,Active
P1226,Birmingham,Birmingham,Flat,1,2005,C,Social Rent,Active
P1227,Liverpool,Wirral,House,3,1990,D,Shared Ownership,Active
P1228,Manchester,Stockport,Bungalow,2,2008,D,Social Rent,Active
P1229,Birmingham,Sandwell,Bungalow,3,1995,F,Social Rent,Active
P1230,London,Greenwich,House,4,1983,D,Social Rent,Active
P1231,Manchester,Stockport,Flat,2,2018,C,Social Rent,Active
P1232,Manchester,Stockport,Bungalow,2,1981,E,Shared Ownership,Active
P1233,London,Hackney,House,3,1971,,Affordable Rent,Active
P1234,Liverpool,Sefton,Flat,1,1960,E,Shared Ownership,Active
P1235,London,Lambeth,Bungalow,2,1994,,Social Rent,Active
P1236,Birmingham,Birmingham,House,2,1963,D,Affordable Rent,Active
P1237,Manchester,Salford,Bungalow,3,1953,D,Affordable Rent,Active
P1238,Manchester,Stockport,Flat,2,1955,D,Social Rent,Active
P1239,London,Hackney,Flat,2,1996,C,Social Rent,Void
P1240,Liverpool,Liverpool,Flat,2,1965,F,Shared Ownership,Active
P1241,Birmingham,Sandwell,Flat,2,1996,C,Affordable Rent,Active
P1242,London,Hackney,Flat,2,1951,F,Social Rent,Active
P1243,Liverpool,Wirral,Bungalow,2,1996,E,Social Rent,Active
P1244,Birmingham,Solihull,House,3,2004,A,Social Rent,Active
P1245,Liverpool,Sefton,House,3,1989,D,Affordable Rent,Active
P1246,Liverpool,Wirral,House,4,1954,E,Social Rent,Active
P1247,London,Hackney,Bungalow,3,1969,G,Social Rent,Active
P1248,London,Southwark,Flat,2,1988,E,Shared Ownership,Active
P1249,Birmingham,Solihull,Flat,2,1972,F,Social Rent,Active
P1250,Liverpool,Wirral,Flat,2,2005,D,Social Rent,Active
P1251,Liverpool,,House,2,1969,E,Social Rent,Active
P1252,Liverpool,Sefton,Bungalow,2,1998,D,Shared Ownership,Active
P1253,Manchester,Manchester,House,3,1953,F,Social Rent,Active
P1254,London,Croydon,Flat,2,1979,F,Social Rent,Void
P1255,Birmingham,Solihull,House,3,2018,D,Social Rent,Active
P1256,Manchester,Salford,Flat,3,1986,F,Affordable Rent,Void
P1257,London,Newham,Flat,1,1987,C,Social Rent,Active
P1258,London,Hackney,Flat,3,1977,D,Affordable Rent,Active
P1259,Birmingham,Solihull,Bungalow,3,1950,F,Shared Ownership,Active
P1260,London,Croydon,House,4,1969,D,Affordable Rent,Active
P1261,Manchester,Salford,House,3,1989,F,Affordable Rent,Active
P1262,Birmingham,Birmingham,House,4,1998,C,Social Rent,Active
P1263,Manchester,Trafford,Flat,2,1958,G,Social Rent,Active
P1264,Liverpool,Sefton,House,4,1985,D,Social Rent,Active
P1265,London,Greenwich,House,3,1985,C,Shared Ownership,Active
P1266,Manchester,Salford,Flat,2,1963,G,Social Rent,Active
P1267,London,Southwark,Flat,1,2011,B,Social Rent,Active
P1268,Liverpool,Sefton,House,2,1966,D,Social Rent,Active
P1269,Liverpool,Wirral,House,3,2003,B,Social Rent,Void
P1270,London,Hackney,Flat,2,1992,D,Shared Ownership,Void
P1271,London,Croydon,Flat,3,2016,B,Social Rent,Active
P1272,London,Hackney,House,2,1993,D,Social Rent,Active
P1273,Manchester,Salford,House,3,2020,B,Shared Ownership,Void
P1274,London,Newham,Flat,2,1978,G,Social Rent,Active
P1275,London,Hackney,Flat,2,1993,D,Social Rent,Void
P1276,Liverpool,Sefton,Flat,2,1959,D,Social Rent,Active
P1277,Manchester,Trafford,Flat,2,1975,E,Affordable Rent,Active
P1278,Liverpool,Sefton,House,3,1997,F,Affordable Rent,Active
P1279,Birmingham,Sandwell,House,3,1986,C,Social Rent,Active
P1280,London,Newham,Flat,2,1984,C,Social Rent,Active
P1281,Liverpool,Sefton,House,4,2005,C,Social Rent,Active
P1282,Birmingham,Solihull,Bungalow,3,1998,F,Affordable Rent,Active
P1283,London,Lambeth,House,3,2019,B,Social Rent,Active
P1284,Liverpool,Sefton,House,4,1962,G,Social Rent,Active
P1285,Birmingham,Birmingham,House,2,1997,E,Social Rent,Active
P1286,London,Newham,Bungalow,2,1990,F,Social Rent,Active
P1287,Liverpool,Liverpool,House,3,1965,E,Social Rent,Active
P1288,London,Croydon,Flat,2,1952,F,Social Rent,Active
P1289,Liverpool,Wirral,House,4,1950,E,Affordable Rent,Void
P1290,Birmingham,Sandwell,House,2,1978,G,Social Rent,Active
P1291,Liverpool,Liverpool,Bungalow,3,1983,E,Affordable Rent,Active
P1292,London,,House,2,1996,C,Social Rent,Active
P1293,London,Newham,House,3,1989,F,Shared Ownership,Active
P1294,Liverpool,Wirral,House,3,1954,F,Social Rent,Active
P1295,London,Lewisham,Flat,2,2007,C,Affordable Rent,Void
P1296,Manchester,Trafford,Bungalow,2,1965,D,Social Rent,Active
P1297,London,Greenwich,House,3,1962,E,Social Rent,Active
P1298,Liverpool,Wirral,Bungalow,1,1985,D,Social Rent,Active
P1299,London,Croydon,Flat,1,1956,D,Social Rent,Active
P1300,London,Lewisham,Flat,3,1966,F,Affordable Rent,Active
P1301,London,Croydon,Bungalow,2,2013,,Shared Ownership,Active
P1302,London,Southwark,Flat,1,1993,E,Shared Ownership,Void
P1303,Liverpool,Wirral,House,4,1998,D,Social Rent,Active
P1304,Liverpool,Sefton,House,2,2007,C,Social Rent,Void
P1305,Liverpool,Sefton,House,4,2016,C,Affordable Rent,Active
P1306,Birmingham,Solihull,Bungalow,2,2009,D,Social Rent,Active
P1307,London,Lambeth,Flat,2,1952,E,Shared Ownership,Active
P1308,London,Hackney,House,3,2006,B,Social Rent,Void
P1309,Birmingham,Sandwell,Flat,3,2000,A,Affordable Rent,Active
P1310,London,Southwark,Flat,1,1997,D,Affordable Rent,Active
P1311,London,Greenwich,Flat,1,2019,C,Social Rent,Active
P1312,London,Southwark,House,2,1979,E,Social Rent,Active
P1313,Liverpool,Liverpool,Flat,2,2002,C,Shared Ownership,Active
P1314,Manchester,Stockport,House,3,1981,C,Shared Ownership,Void
P1315,Birmingham,Solihull,House,2,1960,D,Affordable Rent,Active
P1316,Manchester,Trafford,Flat,3,1975,G,Shared Ownership,Active
P1317,London,Greenwich,House,4,2010,D,Social Rent,Active
P1318,Birmingham,Solihull,Flat,3,2002,D,Shared Ownership,Active
P1319,London,Hackney,House,3,1953,G,Social Rent,Active
P1320,Manchester,,Bungalow,2,2009,C,Social Rent,Void
P1321,London,Newham,Flat,2,1973,G,Social Rent,Active
P1322,Manchester,Trafford,House,2,2017,B,Social Rent,Void
P1323,Birmingham,Birmingham,House,2,2005,D,Social Rent,Active
P1324,Birmingham,Solihull,House,4,1986,C,Affordable Rent,Active
P1325,Manchester,Trafford,Flat,3,1963,F,Affordable Rent,Active
P1326,Birmingham,Birmingham,Bungalow,2,1988,F,Shared Ownership,Active
P1327,Birmingham,Birmingham,Bungalow,3,1973,E,Social Rent,Active
P1328,,Sandwell,Flat,1,1956,F,Social Rent,Void
P1329,London,Croydon,House,3,1984,C,Shared Ownership,Active
P1330,Manchester,Trafford,House,3,1963,G,Social Rent,Active
P1331,Manchester,Trafford,Flat,1,2015,C,Social Rent,Active
P1332,Manchester,,Bungalow,3,1958,,Social Rent,Active
P1333,London,Croydon,Flat,3,1988,E,Affordable Rent,Active
P1334,Birmingham,Birmingham,Flat,3,1953,E,Shared Ownership,Active
P1335,Manchester,Salford,House,4,1950,F,Social Rent,Active
P1336,London,Lewisham,House,4,1988,E,Shared Ownership,Active
P1337,,Newham,Flat,1,2001,B,Social Rent,Active
P1338,Manchester,Manchester,House,2,1984,C,Social Rent,Active
P1339,London,Croydon,Flat,1,1986,,Social Rent,Active
P1340,London,Croydon,House,4,1990,C,Social Rent,Active
P1341,Liverpool,Liverpool,Flat,2,2000,C,Affordable Rent,Active
P1342,London,Croydon,Flat,3,1980,F,Social Rent,Active
P1343,Birmingham,Sandwell,House,3,1956,D,Affordable Rent,Active
P1344,London,Lewisham,House,3,2003,C,Affordable Rent,Active
P1345,Liverpool,Sefton,Flat,1,1985,,Social Rent,Active
P1346,Manchester,Manchester,House,3,1993,E,Affordable Rent,Active
P1347,Liverpool,Wirral,Bungalow,3,2010,B,Social Rent,Active
P1348,Liverpool,Sefton,Flat,3,1964,E,Affordable Rent,Active
P1349,Manchester,Stockport,House,3,2003,B,Affordable Rent,Active
P1350,Liverpool,Wirral,House,4,1984,D,Social Rent,Void
P1351,Manchester,Manchester,Flat,2,1960,E,Affordable Rent,Active
P1352,Manchester,Salford,Flat,2,1972,E,Affordable Rent,Active
P1353,Birmingham,Solihull,Flat,1,1977,,Affordable Rent,Active
P1354,Liverpool,Liverpool,Flat,1,1973,D,Social Rent,Active
P1355,Manchester,Trafford,Flat,2,2004,B,Affordable Rent,Active
P1356,London,Hackney,Flat,1,1984,D,Social Rent,Active
P1357,London,Southwark,House,3,1981,C,Social Rent,Active
P1358,London,Hackney,House,3,1990,D,Social Rent,Active
P1359,London,,House,3,1991,F,Social Rent,Active
P1360,Birmingham,Sandwell,House,3,2019,C,Affordable Rent,Active
P1361,Birmingham,,Bungalow,3,1966,E,Social Rent,Active
P1362,Liverpool,Liverpool,Bungalow,3,1980,C,Social Rent,Void
P1363,Manchester,Salford,House,3,1986,D,Affordable Rent,Active
P1364,Manchester,Trafford,House,3,1970,D,Affordable Rent,Active
P1365,Birmingham,Sandwell,House,2,1988,C,Shared Ownership,Active
P1366,London,Southwark,Flat,1,1981,C,Social Rent,Active
P1367,London,Southwark,Bungalow,1,1952,F,Social Rent,Void
P1368,Manchester,Manchester,House,4,1987,D,Social Rent,Active
P1369,London,Croydon,House,2,1972,F,Social Rent,Active
P1370,London,Southwark,House,2,1966,F,Social Rent,Active
P1371,London,Lewisham,House,3,1964,G,Social Rent,Active
P1372,Manchester,Salford,House,3,2013,C,Shared Ownership,Active
P1373,Manchester,Trafford,Bungalow,1,2017,,Shared Ownership,Active
P1374,London,Southwark,Flat,1,1993,F,Social Rent,Active
P1375,London,Lambeth,House,3,2003,D,Shared Ownership,Active
P1376,London,Croydon,House,2,1982,F,Affordable Rent,Active
P1377,London,Hackney,Flat,2,1990,E,Social Rent,Active
P1378,Liverpool,Wirral,House,2,1957,E,Shared Ownership,Active
P1379,Liverpool,Sefton,Flat,2,1981,E,Social Rent,Active
P1380,Manchester,Manchester,House,2,2013,A,Social Rent,Void
P1381,Manchester,Salford,House,3,1982,E,Shared Ownership,Active
P1382,Liverpool,Liverpool,Flat,2,1993,D,Affordable Rent,Active
P1383,Birmingham,Sandwell,Bungalow,2,2009,A,Shared Ownership,Active
P1384,Manchester,Stockport,House,3,2017,C,Social Rent,Active
P1385,Birmingham,Birmingham,Flat,2,2019,C,Social Rent,Active
P1386,London,Croydon,Flat,1,2018,C,Social Rent,Void
P1387,Manchester,Stockport,Bungalow,2,1997,E,Affordable Rent,Void
P1388,Manchester,Trafford,Flat,2,2020,B,Social Rent,Active
P1389,Manchester,Trafford,House,4,2005,B,Affordable Rent,Active
P1390,Birmingham,Solihull,House,3,1993,F,Social Rent,Active
P1391,Birmingham,Birmingham,House,2,2017,C,Social Rent,Active
P1392,Birmingham,Solihull,House,4,2017,D,Affordable Rent,Active
P1393,Liverpool,Wirral,Flat,1,1998,C,Affordable Rent,Active
P1394,Birmingham,Sandwell,House,3,1982,D,Social Rent,Active
P1395,London,Newham,House,2,2006,B,Shared Ownership,Active
P1396,Liverpool,Sefton,House,2,1968,G,Affordable Rent,Active
P1397,Birmingham,Birmingham,Flat,3,2012,B,Social Rent,Void
P1398,London,Greenwich,Flat,2,2010,,Shared Ownership,Active
P1399,London,,Flat,1,1969,E,Affordable Rent,Active
P1400,Manchester,Stockport,House,3,1991,C,Social Rent,Active
P1401,London,Lewisham,House,3,1992,D,Social Rent,Active
P1402,Liverpool,Wirral,House,3,1981,F,Affordable Rent,Active
P1403,Liverpool,Wirral,House,2,1986,C,Shared Ownership,Active
P1404,Liverpool,Liverpool,House,4,2017,C,Shared Ownership,Void
P1405,Birmingham,Birmingham,House,2,1953,F,Social Rent,Active
P1406,Manchester,Trafford,House,2,1964,E,Shared Ownership,Active
P1407,London,Greenwich,House,3,1951,G,Social Rent,Active
P1408,London,Newham,Flat,3,1994,C,Social Rent,Active
P1409,London,Newham,House,3,1985,C,Social Rent,Active
P1410,London,Southwark,Flat,2,2007,D,Affordable Rent,Active
P1411,London,Croydon,Flat,2,1960,F,Affordable Rent,Active
P1412,Birmingham,Sandwell,House,3,1983,C,Social Rent,Void
P1413,Manchester,Salford,Bungalow,1,1980,C,Social Rent,Active
P1414,,Greenwich,Flat,2,2000,C,Social Rent,Active
P1415,Manchester,Manchester,House,4,1955,F,Affordable Rent,Void
P1416,Manchester,Trafford,Flat,2,2017,D,Shared Ownership,Active
P1417,Birmingham,Sandwell,House,3,2013,C,Social Rent,Active
P1418,London,Croydon,Flat,2,1966,D,Affordable Rent,Active
P1419,Liverpool,Liverpool,House,3,2007,C,Social Rent,Active
P1420,Birmingham,Birmingham,Bungalow,2,1962,F,Social Rent,Active
P1421,London,Greenwich,House,3,2015,B,Social Rent,Active
P1422,Manchester,,House,3,1996,C,Social Rent,Active
P1423,London,Lewisham,House,4,2012,B,Social Rent,Active
P1424,London,Croydon,Flat,2,1977,G,Social Rent,Active
P1425,London,Southwark,House,2,2017,D,Affordable Rent,Active
P1426,Liverpool,Wirral,Bungalow,3,1983,C,Shared Ownership,Active
P1427,Birmingham,Sandwell,Bungalow,2,1979,F,Social Rent,Active
P1428,London,Croydon,House,3,1953,F,Social Rent,Active
P1429,Manchester,Stockport,Bungalow,2,2010,C,Social Rent,Active
P1430,London,Croydon,Flat,2,2002,B,Social Rent,Active
P1431,Manchester,Trafford,House,3,1951,E,Social Rent,Active
P1432,London,Lewisham,Flat,1,1986,F,Social Rent,Active
P1433,Liverpool,Liverpool,Flat,2,2020,B,Social Rent,Active
P1434,London,Newham,House,4,1998,C,Social Rent,Active
P1435,London,Greenwich,Flat,2,1967,D,Affordable Rent,Active
P1436,Manchester,Manchester,Bungalow,3,2013,C,Social Rent,Active
P1437,Manchester,Trafford,House,4,1988,E,Social Rent,Active
P1438,Birmingham,Sandwell,Flat,2,2003,D,Social Rent,Active
P1439,Liverpool,Liverpool,Flat,3,1987,C,Social Rent,Active
P1440,,Liverpool,House,4,1952,E,Affordable Rent,Active
P1441,Birmingham,Sandwell,Flat,2,1996,D,Affordable Rent,Active
P1442,Liverpool,Wirral,Bungalow,2,1994,,Social Rent,Active
P1443,Birmingham,Birmingham,Bungalow,2,2006,B,Affordable Rent,Active
P1444,London,Lewisham,Flat,2,1978,D,Social Rent,Active
P1445,London,Hackney,Flat,1,1967,D,Social Rent,Active
P1446,Manchester,Salford,Bungalow,2,1988,C,Social Rent,Active
P1447,London,Greenwich,House,3,2012,C,Social Rent,Active
P1448,London,Newham,Bungalow,2,1982,C,Affordable Rent,Void
P1449,Birmingham,Birmingham,Bungalow,3,1960,G,Social Rent,Active
P1450,London,Lewisham,House,4,1998,C,Social Rent,Active
P1451,Birmingham,,Bungalow,3,1977,G,Social Rent,Active
P1452,Manchester,Stockport,Flat,3,1987,C,Affordable Rent,Active
P1453,Birmingham,Sandwell,Flat,3,1969,F,Social Rent,Active
P1454,Birmingham,Sandwell,House,3,1983,F,Social Rent,Active
P1455,Liverpool,Liverpool,Flat,1,2004,B,Shared Ownership,Active
P1456,London,Lewisham,Flat,2,1994,F,Affordable Rent,Active
P1457,Birmingham,Solihull,House,3,2012,C,Affordable Rent,Active
P1458,London,Lewisham,Flat,2,1979,F,Social Rent,Active
P1459,London,Southwark,Flat,1,1973,D,Affordable Rent,Active
P1460,Manchester,Trafford,House,2,1995,E,Affordable Rent,Active
P1461,London,Newham,Bungalow,1,1971,G,Social Rent,Active
P1462,,Greenwich,Flat,3,1994,E,Affordable Rent,Active
P1463,London,Lewisham,Flat,1,1979,F,Affordable Rent,Active
P1464,Liverpool,Sefton,Bungalow,1,1969,D,Social Rent,Active
P1465,London,Lambeth,House,4,1974,F,Social Rent,Active
P1466,Manchester,Stockport,House,2,1980,F,Social Rent,Active
P1467,Liverpool,Wirral,Flat,3,2002,,Shared Ownership,Active
P1468,Manchester,Trafford,Flat,2,1965,E,Social Rent,Void
P1469,Manchester,Trafford,House,4,1954,D,Social Rent,Active
P1470,Manchester,Manchester,House,3,1995,C,Affordable Rent,Active
P1471,Birmingham,Birmingham,House,4,1950,G,Shared Ownership,Active
P1472,London,Southwark,Flat,3,2007,,Social Rent,Active
P1473,London,Newham,Bungalow,2,1994,E,Social Rent,Active
P1474,Birmingham,Solihull,House,3,1987,C,Social Rent,Active
P1475,London,Croydon,Flat,1,1975,D,Affordable Rent,Active
P1476,London,Newham,Flat,3,1985,D,Affordable Rent,Active
P1477,Manchester,,House,4,1990,C,Social Rent,Active
P1478,Manchester,Salford,House,4,2011,D,Social Rent,Active
P1479,London,Greenwich,Flat,2,2017,C,Affordable Rent,Active
P1480,Manchester,,Flat,1,1986,F,Social Rent,Active
P1481,Manchester,Stockport,House,2,1998,F,Social Rent,Active
P1482,Liverpool,Sefton,House,2,2000,C,Social Rent,Active
P1483,London,Hackney,Flat,2,1998,F,Affordable Rent,Active
P1484,Liverpool,Wirral,House,3,1960,D,Affordable Rent,Active
P1485,Manchester,Stockport,Bungalow,2,1996,E,Social Rent,Active
P1486,Liverpool,Sefton,House,4,2012,B,Shared Ownership,Active
P1487,Manchester,Salford,Flat,1,1960,F,Social Rent,Active
P1488,Manchester,Manchester,Bungalow,2,1950,E,Affordable Rent,Active
P1489,Manchester,Stockport,Bungalow,2,1983,F,Affordable Rent,Active
P1490,Birmingham,Solihull,Flat,3,1979,F,Social Rent,Active
P1491,Liverpool,Wirral,House,2,2014,C,Affordable Rent,Void
P1492,Liverpool,Wirral,Flat,3,2012,B,Affordable Rent,Active
P1493,Liverpool,Sefton,House,4,2014,B,Social Rent,Active
P1494,London,Croydon,Flat,2,2005,B,Social Rent,Active
P1495,Birmingham,Birmingham,Bungalow,2,2008,C,Shared Ownership,Active
P1496,,Solihull,House,4,1979,D,Affordable Rent,Active
P1497,Birmingham,Sandwell,House,3,1995,C,Shared Ownership,Active
P1498,Manchester,Trafford,House,3,2018,D,Social Rent,Active
P1499,London,,Bungalow,3,1999,C,Affordable Rent,Active
P1500,,Trafford,Flat,2,1954,D,Social Rent,Active
